
/* INSERTS DE DEPARTAMENTO*/
INSERT INTO DEPARTAMENTO(CO_DEPARTAMENTO, NO_DEPARTAMENTO) VALUES
('01', 'AMAZONAS'),
('02', 'ANCASH'),
('03', 'APURIMAC'),
('04', 'AREQUIPA'),
('05', 'AYACUCHO'),
('06', 'CAJAMARCA'),
('07', 'CUSCO'),
('08', 'HUANCAVELICA'),
('09', 'HUANUCO'),
('10', 'ICA'),
('11', 'JUNIN'),
('12', 'LA LIBERTAD'),
('13', 'LAMBAYEQUE'),
('14', 'LIMA'),
('15', 'LORETO'),
('16', 'MADRE DE DIOS'),
('17', 'MOQUEGUA'),
('18', 'PASCO'),
('19', 'PIURA'),
('20', 'PUNO'),
('21', 'SAN MARTIN'),
('22', 'TACNA'),
('23', 'TUMBES'),
('24', 'CALLAO'),
('25', 'UCAYALI');



/* INSERTS DE PROVINCIA*/
INSERT INTO PROVINCIA(CO_PROVINCIA, CO_DEPARTAMENTO, NO_PROVINCIA) VALUES
('01', '01', 'CHACHAPOYAS'),
('01', '02', 'HUARAZ'),
('01', '03', 'ABANCAY'),
('01', '04', 'AREQUIPA'),
('01', '05', 'HUAMANGA'),
('01', '06', 'CAJAMARCA'),
('01', '07', 'CUSCO'),
('01', '08', 'HUANCAVELICA'),
('01', '09', 'HUANUCO'),
('01', '10', 'ICA'),
('01', '11', 'HUANCAYO'),
('01', '12', 'TRUJILLO'),
('01', '13', 'CHICLAYO'),
('01', '14', 'LIMA'),
('01', '15', 'MAYNAS'),
('01', '16', 'TAMBOPATA'),
('01', '17', 'MARISCAL NIETO'),
('01', '18', 'PASCO'),
('01', '19', 'PIURA'),
('01', '20', 'PUNO'),
('01', '21', 'MOYOBAMBA'),
('01', '22', 'TACNA'),
('01', '23', 'TUMBES'),
('01', '24', 'CALLAO'),
('01', '25', 'CORONEL PORTILLO'),
('02', '01', 'BAGUA'),
('02', '02', 'AIJA'),
('02', '03', 'AYMARAES'),
('02', '04', 'CAYLLOMA'),
('02', '05', 'CANGALLO'),
('02', '06', 'CAJABAMBA'),
('02', '07', 'ACOMAYO'),
('02', '08', 'ACOBAMBA'),
('02', '09', 'AMBO'),
('02', '10', 'CHINCHA'),
('02', '11', 'CONCEPCION'),
('02', '12', 'BOLIVAR'),
('02', '13', 'FERREÑAFE'),
('02', '14', 'CAJATAMBO'),
('02', '15', 'ALTO AMAZONAS'),
('02', '16', 'MANU'),
('02', '17', 'GENERAL SANCHEZ CERRO'),
('02', '18', 'DANIEL ALCIDES CARRION'),
('02', '19', 'AYABACA'),
('02', '20', 'AZANGARO'),
('02', '21', 'HUALLAGA'),
('02', '22', 'TARATA'),
('02', '23', 'CONTRALMIRANTE VILLAR'),
('02', '25', 'PADRE ABAD'),
('03', '01', 'BONGARA'),
('03', '02', 'BOLOGNESI'),
('03', '03', 'ANDAHUAYLAS'),
('03', '04', 'CAMANA'),
('03', '05', 'HUANTA'),
('03', '06', 'CELENDIN'),
('03', '07', 'ANTA'),
('03', '08', 'ANGARAES'),
('03', '09', 'DOS DE MAYO'),
('03', '10', 'NAZCA'),
('03', '11', 'JAUJA'),
('03', '12', 'SANCHEZ CARRION'),
('03', '13', 'LAMBAYEQUE'),
('03', '14', 'CANTA'),
('03', '15', 'LORETO'),
('03', '16', 'TAHUAMANU'),
('03', '17', 'ILO'),
('03', '18', 'OXAPAMPA'),
('03', '19', 'HUANCABAMBA'),
('03', '20', 'CARABAYA'),
('03', '21', 'LAMAS'),
('03', '22', 'JORGE BASADRE'),
('03', '23', 'ZARUMILLA'),
('03', '25', 'ATALAYA'),
('04', '01', 'LUYA'),
('04', '02', 'CARHUAZ'),
('04', '03', 'ANTABAMBA'),
('04', '04', 'CARAVELI'),
('04', '05', 'LA MAR'),
('04', '06', 'CONTUMAZA'),
('04', '07', 'CALCA'),
('04', '08', 'CASTROVIRREYNA'),
('04', '09', 'HUAMALIES'),
('04', '10', 'PISCO'),
('04', '11', 'JUNIN'),
('04', '12', 'OTUZCO'),
('04', '14', 'CAÑETE'),
('04', '15', 'REQUENA'),
('04', '19', 'MORROPON'),
('04', '20', 'CHUCUITO'),
('04', '21', 'MARISCAL CACERES'),
('04', '22', 'CANDARAVE'),
('04', '25', 'PURUS'),
('05', '01', 'RODRIGUEZ DE MENDOZA'),
('05', '02', 'CASMA'),
('05', '03', 'COTABAMBAS'),
('05', '04', 'CASTILLA'),
('05', '05', 'LUCANAS'),
('05', '06', 'CUTERVO'),
('05', '07', 'CANAS'),
('05', '08', 'TAYACAJA'),
('05', '09', 'MARAÑON'),
('05', '10', 'PALPA'),
('05', '11', 'TARMA'),
('05', '12', 'PACASMAYO'),
('05', '14', 'HUAURA'),
('05', '15', 'UCAYALI'),
('05', '19', 'PAITA'),
('05', '20', 'HUANCANE'),
('05', '21', 'RIOJA'),
('06', '01', 'CONDORCANQUI'),
('06', '02', 'CORONGO'),
('06', '03', 'GRAU'),
('06', '04', 'CONDESUYOS'),
('06', '05', 'PARINACOCHAS'),
('06', '06', 'CHOTA'),
('06', '07', 'CANCHIS'),
('06', '08', 'HUAYTARA'),
('06', '09', 'LEONCIO PRADO'),
('06', '11', 'YAULI'),
('06', '12', 'PATAZ'),
('06', '14', 'HUAROCHIRI'),
('06', '15', 'MARISCAL RAMON CASTILLA'),
('06', '19', 'SULLANA'),
('06', '20', 'LAMPA'),
('06', '21', 'SAN MARTIN'),
('07', '01', 'UTCUBAMBA'),
('07', '02', 'HUAYLAS'),
('07', '03', 'CHINCHEROS'),
('07', '04', 'ISLAY'),
('07', '05', 'VICTOR FAJARDO'),
('07', '06', 'HUALGAYOC'),
('07', '07', 'CHUMBIVILCAS'),
('07', '08', 'CHURCAMPA'),
('07', '09', 'PACHITEA'),
('07', '11', 'SATIPO'),
('07', '12', 'SANTIAGO DE CHUCO'),
('07', '14', 'YAUYOS'),
('07', '15', 'DATEM DEL MARAÑON'),
('07', '19', 'TALARA'),
('07', '20', 'MELGAR'),
('07', '21', 'BELLAVISTA'),
('08', '02', 'HUARI'),
('08', '04', 'LA UNION'),
('08', '05', 'HUANCA SANCOS'),
('08', '06', 'JAEN'),
('08', '07', 'ESPINAR'),
('08', '09', 'PUERTO INCA'),
('08', '11', 'CHANCHAMAYO'),
('08', '12', 'ASCOPE'),
('08', '14', 'HUARAL'),
('08', '19', 'SECHURA'),
('08', '20', 'SANDIA'),
('08', '21', 'TOCACHE'),
('09', '02', 'MARISCAL LUZURIAGA'),
('09', '05', 'VILCAS HUAMAN'),
('09', '06', 'SANTA CRUZ'),
('09', '07', 'LA CONVENCION'),
('09', '09', 'HUACAYBAMBA'),
('09', '11', 'CHUPACA'),
('09', '12', 'CHEPEN'),
('09', '14', 'BARRANCA'),
('09', '20', 'SAN ROMAN'),
('09', '21', 'PICOTA'),
('10', '02', 'PALLASCA'),
('10', '05', 'PAUCAR DEL SARA SARA'),
('10', '06', 'SAN MIGUEL'),
('10', '07', 'PARURO'),
('10', '09', 'LAURICOCHA'),
('10', '12', 'JULCAN'),
('10', '14', 'OYON'),
('10', '20', 'YUNGUYO'),
('10', '21', 'EL DORADO'),
('11', '02', 'POMABAMBA'),
('11', '05', 'SUCRE'),
('11', '06', 'SAN IGNACIO'),
('11', '07', 'PAUCARTAMBO'),
('11', '09', 'YAROWILCA'),
('11', '12', 'GRAN CHIMU'),
('11', '20', 'SAN ANTONIO DE PUTINA'),
('12', '02', 'RECUAY'),
('12', '06', 'SAN MARCOS'),
('12', '07', 'QUISPICANCHI'),
('12', '12', 'VIRU'),
('12', '20', 'EL COLLAO'),
('13', '02', 'SANTA'),
('13', '06', 'SAN PABLO'),
('13', '07', 'URUBAMBA'),
('13', '20', 'MOHO'),
('14', '02', 'SIHUAS'),
('15', '02', 'YUNGAY'),
('16', '02', 'ANTONIO RAIMONDI'),
('17', '02', 'CARLOS FERMIN FITZCARRALD'),
('18', '02', 'ASUNCION'),
('19', '02', 'HUARMEY'),
('20', '02', 'OCROS');

-- INSERT TABLE DISTRITO


INSERT INTO DISTRITO(CO_DISTRITO, CO_PROVINCIA, CO_DEPARTAMENTO, NO_DISTRITO) VALUES
('01', '01', '01', 'CHACHAPOYAS'),
('01', '01', '02', 'HUARAZ'),
('01', '01', '03', 'ABANCAY'),
('01', '01', '04', 'AREQUIPA'),
('01', '01', '05', 'AYACUCHO'),
('01', '01', '06', 'CAJAMARCA'),
('01', '01', '07', 'CUSCO'),
('01', '01', '08', 'HUANCAVELICA'),
('01', '01', '09', 'HUANUCO'),
('01', '01', '10', 'ICA'),
('01', '01', '11', 'HUANCAYO'),
('01', '01', '12', 'TRUJILLO'),
('01', '01', '13', 'CHICLAYO'),
('01', '01', '14', 'LIMA'),
('01', '01', '15', 'IQUITOS'),
('01', '01', '16', 'TAMBOPATA'),
('01', '01', '17', 'MOQUEGUA'),
('01', '01', '18', 'CHAUPIMARCA'),
('01', '01', '19', 'PIURA'),
('01', '01', '20', 'PUNO'),
('01', '01', '21', 'MOYOBAMBA'),
('01', '01', '22', 'TACNA'),
('01', '01', '23', 'TUMBES'),
('01', '01', '24', 'CALLAO'),
('01', '01', '25', 'CALLERIA'),
('01', '02', '01', 'LA PECA'),
('01', '02', '02', 'AIJA'),
('01', '02', '03', 'CHALHUANCA'),
('01', '02', '04', 'CHIVAY'),
('01', '02', '05', 'CANGALLO'),
('01', '02', '06', 'CAJABAMBA'),
('01', '02', '07', 'ACOMAYO'),
('01', '02', '08', 'ACOBAMBA'),
('01', '02', '09', 'AMBO'),
('01', '02', '10', 'CHINCHA ALTA'),
('01', '02', '11', 'CONCEPCION'),
('01', '02', '12', 'BOLIVAR'),
('01', '02', '13', 'FERREÑAFE'),
('01', '02', '14', 'CAJATAMBO'),
('01', '02', '15', 'YURIMAGUAS'),
('01', '02', '16', 'MANU'),
('01', '02', '17', 'OMATE'),
('01', '02', '18', 'YANAHUANCA'),
('01', '02', '19', 'AYABACA'),
('01', '02', '20', 'AZANGARO'),
('01', '02', '21', 'SAPOSOA'),
('01', '02', '22', 'TARATA'),
('01', '02', '23', 'ZORRITOS'),
('01', '02', '25', 'PADRE ABAD'),
('01', '03', '01', 'JUMBILLA'),
('01', '03', '02', 'CHIQUIAN'),
('01', '03', '03', 'ANDAHUAYLAS'),
('01', '03', '04', 'CAMANA'),
('01', '03', '05', 'HUANTA'),
('01', '03', '06', 'CELENDIN'),
('01', '03', '07', 'ANTA'),
('01', '03', '08', 'LIRCAY'),
('01', '03', '09', 'LA UNION'),
('01', '03', '10', 'NAZCA'),
('01', '03', '11', 'JAUJA'),
('01', '03', '12', 'HUAMACHUCO'),
('01', '03', '13', 'LAMBAYEQUE'),
('01', '03', '14', 'CANTA'),
('01', '03', '15', 'NAUTA'),
('01', '03', '16', 'IÑAPARI'),
('01', '03', '17', 'ILO'),
('01', '03', '18', 'OXAPAMPA'),
('01', '03', '19', 'HUANCABAMBA'),
('01', '03', '20', 'MACUSANI'),
('01', '03', '21', 'LAMAS'),
('01', '03', '22', 'LOCUMBA'),
('01', '03', '23', 'ZARUMILLA'),
('01', '03', '25', 'RAIMONDI'),
('01', '04', '01', 'LAMUD'),
('01', '04', '02', 'CARHUAZ'),
('01', '04', '03', 'ANTABAMBA'),
('01', '04', '04', 'CARAVELI'),
('01', '04', '05', 'SAN MIGUEL'),
('01', '04', '06', 'CONTUMAZA'),
('01', '04', '07', 'CALCA'),
('01', '04', '08', 'CASTROVIRREYNA'),
('01', '04', '09', 'LLATA'),
('01', '04', '10', 'PISCO'),
('01', '04', '11', 'JUNIN'),
('01', '04', '12', 'OTUZCO'),
('01', '04', '14', 'SAN VICENTE DE CAÑETE'),
('01', '04', '15', 'REQUENA'),
('01', '04', '19', 'CHULUCANAS'),
('01', '04', '20', 'JULI'),
('01', '04', '21', 'JUANJUI'),
('01', '04', '22', 'CANDARAVE'),
('01', '04', '25', 'PURUS'),
('01', '05', '01', 'SAN NICOLAS'),
('01', '05', '02', 'CASMA'),
('01', '05', '03', 'TAMBOBAMBA'),
('01', '05', '04', 'APLAO'),
('01', '05', '05', 'PUQUIO'),
('01', '05', '06', 'CUTERVO'),
('01', '05', '07', 'YANAOCA'),
('01', '05', '08', 'PAMPAS'),
('01', '05', '09', 'HUACRACHUCO'),
('01', '05', '10', 'PALPA'),
('01', '05', '11', 'TARMA'),
('01', '05', '12', 'SAN PEDRO DE LLOC'),
('01', '05', '14', 'HUACHO'),
('01', '05', '15', 'CONTAMANA'),
('01', '05', '19', 'PAITA'),
('01', '05', '20', 'HUANCANE'),
('01', '05', '21', 'RIOJA'),
('01', '06', '01', 'NIEVA'),
('01', '06', '02', 'CORO'),
('01', '06', '03', 'CHUQUIBAMBILLA'),
('01', '06', '04', 'CHUQUIBAMBA'),
('01', '06', '05', 'CORACORA'),
('01', '06', '06', 'CHOTA'),
('01', '06', '07', 'SICUANI'),
('01', '06', '08', 'AYAVI'),
('01', '06', '09', 'RUPA-RUPA'),
('01', '06', '11', 'LA OROYA'),
('01', '06', '12', 'TAYABAMBA'),
('01', '06', '14', 'MATUCANA'),
('01', '06', '15', 'RAMON CASTILLA'),
('01', '06', '19', 'SULLANA'),
('01', '06', '20', 'LAMPA'),
('01', '06', '21', 'TARAPOTO'),
('01', '07', '01', 'BAGUA GRANDE'),
('01', '07', '02', 'CARAZ'),
('01', '07', '03', 'CHINCHEROS'),
('01', '07', '04', 'MOLLENDO'),
('01', '07', '05', 'HUANCAPI'),
('01', '07', '06', 'BAMBAMARCA'),
('01', '07', '07', 'SANTO TOMAS'),
('01', '07', '08', 'CHURCAMPA'),
('01', '07', '09', 'PANAO'),
('01', '07', '11', 'SATIPO'),
('01', '07', '12', 'SANTI DE CHUCO'),
('01', '07', '14', 'YAUYOS'),
('01', '07', '15', 'BARRANCA'),
('01', '07', '19', 'PARIÑAS'),
('01', '07', '20', 'AYAVIRI'),
('01', '07', '21', 'BELLAVISTA'),
('01', '08', '02', 'HUARI'),
('01', '08', '04', 'COTAHUASI'),
('01', '08', '05', 'SANCOS'),
('01', '08', '06', 'JAEN'),
('01', '08', '07', 'ESPINAR'),
('01', '08', '09', 'HONORIA'),
('01', '08', '11', 'CHANCHAMAYO'),
('01', '08', '12', 'ASCOPE'),
('01', '08', '14', 'HUARAL'),
('01', '08', '19', 'SECHURA'),
('01', '08', '20', 'SANDIA'),
('01', '08', '21', 'TOCACHE'),
('01', '09', '02', 'PISCOBAMBA'),
('01', '09', '05', 'VILCAS HUAMAN'),
('01', '09', '06', 'SANTA CRUZ'),
('01', '09', '07', 'SANTA ANA'),
('01', '09', '09', 'HUACAYBAMBA'),
('01', '09', '11', 'CHUPACA'),
('01', '09', '12', 'CHEPEN'),
('01', '09', '14', 'BARRANCA'),
('01', '09', '20', 'JULIACA'),
('01', '09', '21', 'PICOTA'),
('01', '10', '02', 'CABANA'),
('01', '10', '05', 'PAUSA'),
('01', '10', '06', 'SAN MIGUEL'),
('01', '10', '07', 'PARURO'),
('01', '10', '09', 'JESUS'),
('01', '10', '12', 'JULCAN'),
('01', '10', '14', 'OYON'),
('01', '10', '20', 'YUNGUYO'),
('01', '10', '21', 'SAN JOSE DE SISA'),
('01', '11', '02', 'POMABAMBA'),
('01', '11', '05', 'QUEROBAMBA'),
('01', '11', '06', 'SAN IGNACIO'),
('01', '11', '07', 'PAUCARTAMBO'),
('01', '11', '09', 'CHAVINILLO'),
('01', '11', '12', 'CASCAS'),
('01', '11', '20', 'PUTINA'),
('01', '12', '02', 'RECUAY'),
('01', '12', '06', 'PEDRO GALVEZ'),
('01', '12', '07', 'URCOS'),
('01', '12', '12', 'VIRU'),
('01', '12', '20', 'ILAVE'),
('01', '13', '02', 'CHIMBOTE'),
('01', '13', '06', 'SAN PABLO'),
('01', '13', '07', 'URUBAMBA'),
('01', '13', '20', 'MOHO'),
('01', '14', '02', 'SIHUAS'),
('01', '15', '02', 'YUNGAY'),
('01', '16', '02', 'LLAMELLIN'),
('01', '17', '02', 'SAN LUIS'),
('01', '18', '02', 'CHACAS'),
('01', '19', '02', 'HUARMEY'),
('01', '20', '02', 'ACAS'),
('02', '01', '01', 'ASUNCION'),
('02', '01', '02', 'INDEPENDENCIA'),
('02', '01', '03', 'CIRCA'),
('02', '01', '04', 'CAYMA'),
('02', '01', '05', 'ACOS VINCHOS'),
('02', '01', '06', 'ASUNCION'),
('02', '01', '07', 'CCORCA'),
('02', '01', '08', 'ACOBAMBILLA'),
('02', '01', '09', 'CHINCHAO'),
('02', '01', '10', 'LA TINGUIÑA'),
('02', '01', '12', 'HUANCHACO'),
('02', '01', '13', 'CHOYAPE'),
('02', '01', '14', 'ANCON'),
('02', '01', '15', 'ALTO NANAY'),
('02', '01', '16', 'INAMBARI'),
('02', '01', '17', 'CARUMAS'),
('02', '01', '20', 'ACORA'),
('02', '01', '21', 'CALZADA'),
('02', '01', '22', 'CALANA'),
('02', '01', '23', 'CORRALES'),
('02', '01', '24', 'BELLAVISTA'),
('02', '01', '25', 'YARINACOCHA'),
('02', '02', '01', 'ARAMA'),
('02', '02', '03', 'CAPAYA'),
('02', '02', '04', 'ACHOMA'),
('02', '02', '06', 'CACHACHI'),
('02', '02', '07', 'ACOPIA'),
('02', '02', '08', 'ANTA'),
('02', '02', '09', 'CAYNA'),
('02', '02', '10', 'CHAVIN'),
('02', '02', '11', 'ACO'),
('02', '02', '12', 'BAMBAMARCA'),
('02', '02', '13', 'INCAHUASI'),
('02', '02', '15', 'BALSAPUERTO'),
('02', '02', '16', 'FITZCARRALD'),
('02', '02', '17', 'COALAQUE'),
('02', '02', '18', 'CHACAYAN'),
('02', '02', '19', 'FRIAS'),
('02', '02', '20', 'ACHAYA'),
('02', '02', '21', 'PISCOYACU'),
('02', '02', '23', 'CASITAS'),
('02', '02', '25', 'IRAZOLA'),
('02', '03', '01', 'COROSHA'),
('02', '03', '02', 'ABELARDO PARDO LEZAMETA'),
('02', '03', '03', 'ANDARAPA'),
('02', '03', '04', 'JOSE MARIA QUIMPER'),
('02', '03', '05', 'AYAHUANCO'),
('02', '03', '06', 'CORTEGANA'),
('02', '03', '07', 'CHINCHAYPUJIO'),
('02', '03', '08', 'ANCHONGA'),
('02', '03', '10', 'CHANGUILLO'),
('02', '03', '11', 'ACOLLA'),
('02', '03', '12', 'COCHORCO'),
('02', '03', '13', 'CHOCHOPE'),
('02', '03', '14', 'ARAHUAY'),
('02', '03', '15', 'PARINARI'),
('02', '03', '16', 'IBERIA'),
('02', '03', '17', 'EL ALGARROBAL'),
('02', '03', '18', 'CHONTABAMBA'),
('02', '03', '19', 'CANCHAQUE'),
('02', '03', '20', 'AJOYANI'),
('02', '03', '22', 'ITE'),
('02', '03', '23', 'MATAPALO'),
('02', '03', '25', 'TAHUANIA'),
('02', '04', '01', 'CAMPORREDONDO'),
('02', '04', '02', 'ACOPAMPA'),
('02', '04', '03', 'EL ORO'),
('02', '04', '04', 'ACARI'),
('02', '04', '05', 'ANCO'),
('02', '04', '07', 'COYA'),
('02', '04', '08', 'ARMA'),
('02', '04', '09', 'ARANCAY'),
('02', '04', '10', 'HUANCANO'),
('02', '04', '11', 'CARHUAMAYO'),
('02', '04', '12', 'AGALLPAMPA'),
('02', '04', '14', 'CALA'),
('02', '04', '15', 'ALTO TAPICHE'),
('02', '04', '19', 'BUENOS AIRES'),
('02', '04', '20', 'DESAGUADERO'),
('02', '04', '21', 'CAMPANILLA'),
('02', '04', '22', 'CAIRANI'),
('02', '05', '01', 'COCHAMAL'),
('02', '05', '02', 'BUENA VISTA ALTA'),
('02', '05', '03', 'COYLLURQUI'),
('02', '05', '04', 'ANDAGUA'),
('02', '05', '05', 'AUCARA'),
('02', '05', '06', 'CALLAYUC'),
('02', '05', '07', 'CHECCA'),
('02', '05', '08', 'ACOSTAMBO'),
('02', '05', '09', 'CHOLON'),
('02', '05', '10', 'LLIPATA'),
('02', '05', '11', 'ACOBAMBA'),
('02', '05', '14', 'AMBAR'),
('02', '05', '15', 'VARGAS GUERRA'),
('02', '05', '19', 'AMOTAPE'),
('02', '05', '20', 'COJATA'),
('02', '05', '21', 'POSIC'),
('02', '06', '01', 'RIO SANTI'),
('02', '06', '02', 'ACO'),
('02', '06', '03', 'CURPAHUASI'),
('02', '06', '04', 'ANDARAY'),
('02', '06', '06', 'ANGUIA'),
('02', '06', '07', 'COMBAPATA'),
('02', '06', '08', 'CORDOVA'),
('02', '06', '09', 'DANIEL ALOMIA ROBLES'),
('02', '06', '11', 'CHACAPALPA'),
('02', '06', '12', 'BULDIBUYO'),
('02', '06', '14', 'ANTIOQUIA'),
('02', '06', '15', 'PEBAS'),
('02', '06', '19', 'BELLAVISTA'),
('02', '06', '20', 'CABANILLA'),
('02', '06', '21', 'ALBERTO LEVEAU'),
('02', '07', '01', 'CAJARURO'),
('02', '07', '02', 'HUALLANCA'),
('02', '07', '03', 'OY'),
('02', '07', '04', 'COCACHACRA'),
('02', '07', '05', 'ALCAMENCA'),
('02', '07', '06', 'CHUGUR'),
('02', '07', '07', 'CAPACMARCA'),
('02', '07', '08', 'ANCO'),
('02', '07', '09', 'CHAGLLA'),
('02', '07', '11', 'COVIRIALI'),
('02', '07', '12', 'CACHICADAN'),
('02', '07', '14', 'ALIS'),
('02', '07', '15', 'ANDOAS'),
('02', '07', '19', 'EL ALTO'),
('02', '07', '20', 'ANTAUTA'),
('02', '07', '21', 'SAN RAFAEL'),
('02', '08', '02', 'CAJAY'),
('02', '08', '04', 'ALCA'),
('02', '08', '05', 'SACSAMARCA'),
('02', '08', '06', 'BELLAVISTA'),
('02', '08', '07', 'CONDOROMA'),
('02', '08', '09', 'PUERTO INCA'),
('02', '08', '11', 'SAN RAMON'),
('02', '08', '12', 'CHICAMA'),
('02', '08', '14', 'ATAVILLOS ALTO'),
('02', '08', '19', 'VICE'),
('02', '08', '21', 'NUEVO PROGRESO'),
('02', '09', '02', 'CASCA'),
('02', '09', '05', 'VISCHO'),
('02', '09', '06', 'CATACHE'),
('02', '09', '07', 'ECHARATE'),
('02', '09', '09', 'PINRA'),
('02', '09', '11', 'AHUAC'),
('02', '09', '12', 'PACANGA'),
('02', '09', '14', 'PARAMONGA'),
('02', '09', '20', 'CABANA'),
('02', '09', '21', 'BUENOS AIRES'),
('02', '10', '02', 'BOLOGNESI'),
('02', '10', '05', 'COLTA'),
('02', '10', '06', 'CALQUIS'),
('02', '10', '07', 'ACCHA'),
('02', '10', '09', 'BAÑOS'),
('02', '10', '12', 'CARABAMBA'),
('02', '10', '14', 'NAVAN'),
('02', '10', '20', 'UNICACHI'),
('02', '10', '21', 'AGUA BLANCA'),
('02', '11', '02', 'HUAYLLAN'),
('02', '11', '05', 'BELEN'),
('02', '11', '06', 'CHIRINOS'),
('02', '11', '07', 'CAICAY'),
('02', '11', '09', 'APARICIO POMARES'),
('02', '11', '12', 'LUCMA'),
('02', '11', '20', 'PEDRO VILCA APAZA'),
('02', '12', '02', 'COTAPARACO'),
('02', '12', '06', 'ICHOCAN'),
('02', '12', '07', 'ANDAHUAYLILLAS'),
('02', '12', '12', 'CHAO'),
('02', '12', '20', 'PILCUYO'),
('02', '13', '02', 'CACERES DEL PERU'),
('02', '13', '06', 'SAN BERNARDINO'),
('02', '13', '07', 'CHINCHERO'),
('02', '13', '20', 'CONIMA'),
('02', '14', '02', 'ALFONSO UGARTE'),
('02', '15', '02', 'CASCAPARA'),
('02', '16', '02', 'ACZO'),
('02', '17', '02', 'YAUYA'),
('02', '18', '02', 'ACOCHACA'),
('02', '19', '02', 'COCHAPETI'),
('02', '20', '02', 'CAJAMARQUILLA'),
('03', '01', '01', 'BALSAS'),
('03', '01', '02', 'COCHABAMBA'),
('03', '01', '03', 'CURAHUASI'),
('03', '01', '04', 'CERRO COLORADO'),
('03', '01', '05', 'CARMEN ALTO'),
('03', '01', '06', 'COSPAN'),
('03', '01', '07', 'POROY'),
('03', '01', '08', 'ACORIA'),
('03', '01', '09', 'CHURUBAMBA'),
('03', '01', '10', 'LOS AQUIJES'),
('03', '01', '11', 'CARHUACALLANGA'),
('03', '01', '12', 'LAREDO'),
('03', '01', '13', 'ETEN'),
('03', '01', '14', 'ATE'),
('03', '01', '15', 'FERNANDO LORES'),
('03', '01', '16', 'LAS PIEDRAS'),
('03', '01', '17', 'CUCHUMBAYA'),
('03', '01', '18', 'HUACHON'),
('03', '01', '19', 'CASTILLA'),
('03', '01', '20', 'ATUNCOLLA'),
('03', '01', '21', 'HABANA'),
('03', '01', '23', 'LA CRUZ'),
('03', '01', '24', 'LA PUNTA'),
('03', '01', '25', 'MASISEA'),
('03', '02', '01', 'COPALLIN'),
('03', '02', '02', 'CORIS'),
('03', '02', '03', 'CARAYBAMBA'),
('03', '02', '04', 'CABANACONDE'),
('03', '02', '06', 'CONDEBAMBA'),
('03', '02', '07', 'ACOS'),
('03', '02', '08', 'ANDABAMBA'),
('03', '02', '09', 'COLPAS'),
('03', '02', '10', 'CHINCHA BAJA'),
('03', '02', '11', 'ANDAMARCA'),
('03', '02', '12', 'CONDORMARCA'),
('03', '02', '13', 'CAÑARIS'),
('03', '02', '16', 'MADRE DE DIOS'),
('03', '02', '17', 'CHOJATA'),
('03', '02', '18', 'YLLARISQUIZGA'),
('03', '02', '19', 'LAGUNAS'),
('03', '02', '20', 'ARAPA'),
('03', '02', '21', 'SACANCHE'),
('03', '02', '23', 'CANOAS DE PUNTA SAL'),
('03', '02', '25', 'CURIMANA'),
('03', '03', '01', 'CUISPES'),
('03', '03', '03', 'CHIARA'),
('03', '03', '04', 'MARIANO NICOLAS VALCARCEL'),
('03', '03', '05', 'HUAMANGUILLA'),
('03', '03', '06', 'CHUMUCH'),
('03', '03', '07', 'HUAROCONDO'),
('03', '03', '08', 'CALLANMARCA'),
('03', '03', '10', 'EL INGENIO'),
('03', '03', '11', 'APATA'),
('03', '03', '12', 'CURGOS'),
('03', '03', '13', 'ILLIMO'),
('03', '03', '14', 'HUAMANTANGA'),
('03', '03', '15', 'TIGRE'),
('03', '03', '16', 'TAHUAMANU'),
('03', '03', '17', 'PACOCHA'),
('03', '03', '18', 'HUANCABAMBA'),
('03', '03', '19', 'HUARMACA'),
('03', '03', '20', 'AYAPATA'),
('03', '03', '21', 'BARRANQUITA'),
('03', '03', '22', 'ILABAYA'),
('03', '03', '23', 'PAPAYAL'),
('03', '03', '25', 'YURUA'),
('03', '04', '01', 'COCABAMBA'),
('03', '04', '02', 'AMASHCA'),
('03', '04', '03', 'HUAQUIRCA'),
('03', '04', '04', 'ATICO'),
('03', '04', '05', 'AYNA'),
('03', '04', '06', 'CHILETE'),
('03', '04', '07', 'LAMAY'),
('03', '04', '08', 'AURAHUA'),
('03', '04', '09', 'CHAVIN DE PARIARCA'),
('03', '04', '10', 'HUMAY'),
('03', '04', '11', 'ONDORES'),
('03', '04', '12', 'CHARAT'),
('03', '04', '14', 'CERRO AZUL'),
('03', '04', '15', 'CAPELO'),
('03', '04', '19', 'CHALACO'),
('03', '04', '20', 'HUACULLANI'),
('03', '04', '21', 'HUICUNGO'),
('03', '04', '22', 'CURIBAYA'),
('03', '05', '01', 'CHIRIMOTO'),
('03', '05', '02', 'COMANDANTE NOEL'),
('03', '05', '03', 'COTABAMBAS'),
('03', '05', '04', 'AYO'),
('03', '05', '05', 'CABANA'),
('03', '05', '06', 'CUJILLO'),
('03', '05', '07', 'KUNTURKANKI'),
('03', '05', '08', 'ACRAQUIA'),
('03', '05', '10', 'RIO GRANDE'),
('03', '05', '11', 'HUARICOLCA'),
('03', '05', '12', 'GUADALUPE'),
('03', '05', '15', 'PADRE MARQUEZ'),
('03', '05', '19', 'ARENAL'),
('03', '05', '21', 'YORONGOS'),
('03', '06', '01', 'EL CENEPA'),
('03', '06', '02', 'BAMBAS'),
('03', '06', '03', 'HUAILLATI'),
('03', '06', '04', 'CAYARANI'),
('03', '06', '06', 'COCHABAMBA'),
('03', '06', '07', 'CHECACUPE'),
('03', '06', '08', 'HUAYACUNDO ARMA'),
('03', '06', '09', 'HERMILIO VALDIZAN'),
('03', '06', '11', 'HUAY HUAY'),
('03', '06', '12', 'CHILLIA'),
('03', '06', '14', 'CALLAHUANCA'),
('03', '06', '15', 'YAVARI'),
('03', '06', '19', 'LANCONES'),
('03', '06', '20', 'CALAPUJA'),
('03', '07', '01', 'CUMBA'),
('03', '07', '02', 'HUATA'),
('03', '07', '03', 'OCOBAMBA'),
('03', '07', '04', 'DEAN VALDIVIA'),
('03', '07', '05', 'APONGO'),
('03', '07', '06', 'HUALGAYOC'),
('03', '07', '07', 'COLQUEMARCA'),
('03', '07', '08', 'CHINCHIHUASI'),
('03', '07', '11', 'LLAYLLA'),
('03', '07', '12', 'MOLLEBAMBA'),
('03', '07', '14', 'ALLAUCA'),
('03', '07', '15', 'CAHUAPANAS'),
('03', '07', '19', 'LA BREA'),
('03', '07', '20', 'CUPI'),
('03', '07', '21', 'SAN PABLO'),
('03', '08', '02', 'CHAVIN DE HUANTAR'),
('03', '08', '04', 'CHARCANA'),
('03', '08', '05', 'SANTIAGO DE LUCANAMARCA'),
('03', '08', '06', 'COLASAY'),
('03', '08', '07', 'COPORAQUE'),
('03', '08', '09', 'CODO DEL POZUZO'),
('03', '08', '11', 'VITOC'),
('03', '08', '12', 'CHOCOPE'),
('03', '08', '14', 'ATAVILLOS BAJO'),
('03', '08', '19', 'BERNAL'),
('03', '08', '20', 'CUYOCUYO'),
('03', '08', '21', 'POLVORA'),
('03', '09', '02', 'LUCMA'),
('03', '09', '05', 'ACCOMARCA'),
('03', '09', '06', 'CHANCAYBAÑOS'),
('03', '09', '07', 'HUAYOPATA'),
('03', '09', '09', 'CANCHABAMBA'),
('03', '09', '11', 'CHONGOS BAJO'),
('03', '09', '12', 'PUEBLO NUEVO'),
('03', '09', '14', 'PATIVILCA'),
('03', '09', '20', 'CABANILLAS'),
('03', '09', '21', 'CASPIZAPA'),
('03', '10', '02', 'CONCHUCOS'),
('03', '10', '05', 'CORCULLA'),
('03', '10', '06', 'LA FLORIDA'),
('03', '10', '07', 'CCAPI'),
('03', '10', '09', 'SAN FRANCISCO DE ASIS'),
('03', '10', '12', 'CALAMARCA'),
('03', '10', '14', 'CAUJUL'),
('03', '10', '20', 'ANAPIA'),
('03', '10', '21', 'SHATOJA'),
('03', '11', '02', 'PAROBAMBA'),
('03', '11', '05', 'CHALCOS'),
('03', '11', '06', 'HUARANGO'),
('03', '11', '07', 'COLQUEPATA'),
('03', '11', '09', 'CAHUAC'),
('03', '11', '12', 'MARMOT'),
('03', '11', '20', 'QUILCAPUNCU'),
('03', '12', '02', 'HUAYLLAPAMPA'),
('03', '12', '06', 'GREGORIO PITA'),
('03', '12', '07', 'CAMANTI'),
('03', '12', '12', 'GUADALUPITO'),
('03', '12', '20', 'SANTA ROSA'),
('03', '13', '02', 'MACATE'),
('03', '13', '06', 'SAN LUIS'),
('03', '13', '07', 'HUAYLLABAMBA'),
('03', '13', '20', 'TILALI'),
('03', '14', '02', 'CHINGALPO'),
('03', '15', '02', 'MANCOS'),
('03', '16', '02', 'CHACCHO'),
('03', '17', '02', 'SAN NICOLAS'),
('03', '19', '02', 'HUAYAN'),
('03', '20', '02', 'CARHUAPAMPA'),
('04', '01', '01', 'CHETO'),
('04', '01', '02', 'COLCABAMBA'),
('04', '01', '03', 'CHACOCHE'),
('04', '01', '04', 'CHARACATO'),
('04', '01', '05', 'CHIARA'),
('04', '01', '06', 'CHETILLA'),
('04', '01', '07', 'SAN JERONIMO'),
('04', '01', '08', 'CONAYCA'),
('04', '01', '09', 'MARGOS'),
('04', '01', '10', 'PARCONA'),
('04', '01', '11', 'COLCA'),
('04', '01', '12', 'MOCHE'),
('04', '01', '13', 'ETEN PUERTO'),
('04', '01', '14', 'BREÑA'),
('04', '01', '15', 'LAS AMAZONAS'),
('04', '01', '16', 'LABERINTO'),
('04', '01', '17', 'SAN CRISTOBAL'),
('04', '01', '18', 'HUARIACA'),
('04', '01', '19', 'CATACAOS'),
('04', '01', '20', 'CAPACHICA'),
('04', '01', '21', 'JEPELACIO'),
('04', '01', '22', 'INCLAN'),
('04', '01', '23', 'PAMPAS DE HOSPITAL'),
('04', '01', '24', 'CARMEN DE LA LEGUA-REYNOSO'),
('04', '01', '25', 'CAMPOVERDE'),
('04', '02', '01', 'EL PARCO'),
('04', '02', '03', 'COLCABAMBA'),
('04', '02', '04', 'CAYLLOMA'),
('04', '02', '05', 'CHUSCHI'),
('04', '02', '07', 'POMACANCHI'),
('04', '02', '08', 'CAJA'),
('04', '02', '09', 'CONCHAMARCA'),
('04', '02', '10', 'EL CARMEN'),
('04', '02', '11', 'COMAS'),
('04', '02', '12', 'LONGOTEA'),
('04', '02', '13', 'PITIPO'),
('04', '02', '16', 'HUEPETUHE'),
('04', '02', '17', 'ICHUÑA'),
('04', '02', '18', 'PAUCAR'),
('04', '02', '19', 'MONTERO'),
('04', '02', '20', 'ASILLO'),
('04', '02', '21', 'TINGO DE SAPOSOA'),
('04', '03', '01', 'CHISQUILLA'),
('04', '03', '02', 'AQUIA'),
('04', '03', '03', 'HUANCARAMA'),
('04', '03', '04', 'MARISCAL CACERES'),
('04', '03', '05', 'IGUAIN'),
('04', '03', '06', 'HUASMIN'),
('04', '03', '07', 'LIMATAMBO'),
('04', '03', '08', 'CONGALLA'),
('04', '03', '10', 'MARCONA'),
('04', '03', '11', 'ATAURA'),
('04', '03', '12', 'CHUGAY'),
('04', '03', '13', 'JAYANCA'),
('04', '03', '14', 'HUAROS'),
('04', '03', '15', 'URARINAS'),
('04', '03', '18', 'PUERTO BERMUDEZ'),
('04', '03', '19', 'SONDOR'),
('04', '03', '20', 'COASA'),
('04', '03', '21', 'CAYNARACHI'),
('04', '03', '23', 'AGUAS VERDES'),
('04', '03', '25', 'SEPAHUA'),
('04', '04', '01', 'COLCAMAR'),
('04', '04', '02', 'ANTA'),
('04', '04', '03', 'JUAN ESPINOZA MEDRANO'),
('04', '04', '04', 'ATIQUIPA'),
('04', '04', '05', 'CHILCAS'),
('04', '04', '06', 'GUZMANGO'),
('04', '04', '07', 'LARES'),
('04', '04', '09', 'JACAS GRANDE'),
('04', '04', '10', 'INDEPENDENCIA'),
('04', '04', '11', 'ULCUMAYO'),
('04', '04', '12', 'HUARANCHAL'),
('04', '04', '14', 'COAYLLO'),
('04', '04', '15', 'EMILIO SAN MARTIN'),
('04', '04', '19', 'MORROPON'),
('04', '04', '21', 'PACHIZA'),
('04', '04', '22', 'HUANUARA'),
('04', '05', '01', 'HUAMBO'),
('04', '05', '03', 'HAQUIRA'),
('04', '05', '04', 'CHACHAS'),
('04', '05', '05', 'CARMEN SALCEDO'),
('04', '05', '06', 'CHOROS'),
('04', '05', '07', 'LANGUI'),
('04', '05', '08', 'AHUAYCHA'),
('04', '05', '10', 'SANTA CRUZ'),
('04', '05', '11', 'HUASAHUASI'),
('04', '05', '12', 'JEQUETEPEQUE'),
('04', '05', '14', 'CALETA DE CARQUIN'),
('04', '05', '15', 'PAMPA HERMOSA'),
('04', '05', '19', 'LA HUACA'),
('04', '05', '20', 'INCHUPALLA'),
('04', '05', '21', 'YURACYACU'),
('04', '06', '02', 'CUSCA'),
('04', '06', '03', 'MAMARA'),
('04', '06', '04', 'CHICHAS'),
('04', '06', '05', 'CORONEL CASTAÑEDA'),
('04', '06', '06', 'CONCHAN'),
('04', '06', '07', 'MARANGANI'),
('04', '06', '08', 'HUAYTARA'),
('04', '06', '09', 'LUYANDO'),
('04', '06', '11', 'MARCAPOMACOCHA'),
('04', '06', '12', 'HUAYLILLAS'),
('04', '06', '14', 'CARAMPOMA'),
('04', '06', '15', 'SAN PABLO'),
('04', '06', '19', 'MARCAVELICA'),
('04', '06', '20', 'NICASIO'),
('04', '06', '21', 'CACATACHI'),
('04', '07', '01', 'EL MILAGRO'),
('04', '07', '02', 'HUAYLAS'),
('04', '07', '03', 'COCHARCAS'),
('04', '07', '04', 'ISLAY'),
('04', '07', '05', 'CANARIA'),
('04', '07', '07', 'CHAMACA'),
('04', '07', '08', 'EL CARMEN'),
('04', '07', '09', 'MOLINO'),
('04', '07', '11', 'MAZAMARI'),
('04', '07', '12', 'MOLLEPATA'),
('04', '07', '14', 'AYAVIRI'),
('04', '07', '15', 'MANSERICHE'),
('04', '07', '19', 'LOBITOS'),
('04', '07', '20', 'LLALLI'),
('04', '07', '21', 'ALTO BIAVO'),
('04', '08', '02', 'HUACACHI'),
('04', '08', '04', 'HUAYNACOTAS'),
('04', '08', '05', 'CARAPO'),
('04', '08', '06', 'CHONTALI'),
('04', '08', '07', 'OCORURO'),
('04', '08', '09', 'TOURNAVISTA'),
('04', '08', '11', 'SAN LUIS DE SHUARO'),
('04', '08', '12', 'SANTIAGO DE CAO'),
('04', '08', '14', 'AUCALLAMA'),
('04', '08', '19', 'BELLAVISTA DE LA UNION'),
('04', '08', '20', 'LIMBANI'),
('04', '08', '21', 'SHUNTE'),
('04', '09', '02', 'FIDEL OLIVAS ESCUDERO'),
('04', '09', '05', 'CARHUANCA'),
('04', '09', '06', 'LA ESPERANZA'),
('04', '09', '07', 'MARANURA'),
('04', '09', '09', 'COCHABAMBA'),
('04', '09', '11', 'HUACHAC'),
('04', '09', '14', 'SUPE'),
('04', '09', '20', 'CARACOTO'),
('04', '09', '21', 'PILLUANA'),
('04', '10', '02', 'HUACASCHUQUE'),
('04', '10', '05', 'LAMPA'),
('04', '10', '06', 'LLAPA'),
('04', '10', '07', 'COLCHA'),
('04', '10', '09', 'QUEROPALCA'),
('04', '10', '12', 'HUASO'),
('04', '10', '14', 'ANDAJES'),
('04', '10', '20', 'COPANI'),
('04', '10', '21', 'SAN MARTIN'),
('04', '11', '02', 'QUINUABAMBA'),
('04', '11', '05', 'SAN SALVADOR DE QUIJE'),
('04', '11', '06', 'NAMBALLE'),
('04', '11', '07', 'CHALLABAMBA'),
('04', '11', '09', 'CHACABAMBA'),
('04', '11', '12', 'SAYAPULLO'),
('04', '11', '20', 'ANANEA'),
('04', '12', '02', 'MARCA'),
('04', '12', '06', 'JOSE MANUEL QUIROZ'),
('04', '12', '07', 'CCARHUAYO'),
('04', '12', '20', 'CAPASO'),
('04', '13', '02', 'MORO'),
('04', '13', '06', 'TUMBADEN'),
('04', '13', '07', 'MACHUPICCHU'),
('04', '13', '20', 'HUAYRAPATA'),
('04', '14', '02', 'HUAYLLABAMBA'),
('04', '15', '02', 'MATACOTO'),
('04', '16', '02', 'CHINGAS'),
('04', '19', '02', 'MALVAS'),
('04', '20', '02', 'COCHAS'),
('05', '01', '01', 'CHILIQUIN'),
('05', '01', '02', 'HUANCHAY'),
('05', '01', '03', 'HUANIPACA'),
('05', '01', '04', 'CHIGUATA'),
('05', '01', '05', 'QUINUA'),
('05', '01', '06', 'ENCAÑADA'),
('05', '01', '07', 'SAN SEBASTIAN'),
('05', '01', '08', 'CUENCA'),
('05', '01', '09', 'QUISQUI'),
('05', '01', '10', 'PUEBLO NUEVO'),
('05', '01', '11', 'CULLHUAS'),
('05', '01', '12', 'SALAVERRY'),
('05', '01', '13', 'LAGUNAS'),
('05', '01', '14', 'CARABAYLLO'),
('05', '01', '15', 'MAZAN'),
('05', '01', '17', 'TORATA'),
('05', '01', '18', 'HUAYLLAY'),
('05', '01', '19', 'LA ARENA'),
('05', '01', '20', 'COATA'),
('05', '01', '21', 'SORITOR'),
('05', '01', '23', 'SAN JACINTO'),
('05', '01', '24', 'LA PERLA'),
('05', '01', '25', 'IPARIA'),
('05', '02', '01', 'BAGUA'),
('05', '02', '02', 'HUACLLAN'),
('05', '02', '03', 'COTARUSE'),
('05', '02', '04', 'CALLALLI'),
('05', '02', '06', 'SITACOCHA'),
('05', '02', '07', 'RONDOCAN'),
('05', '02', '08', 'MARCAS'),
('05', '02', '09', 'HUACAR'),
('05', '02', '10', 'GROCIO PRADO'),
('05', '02', '11', 'COCHAS'),
('05', '02', '12', 'UCUNCHA'),
('05', '02', '13', 'PUEBLO NUEVO'),
('05', '02', '14', 'COPA'),
('05', '02', '15', 'JEBEROS'),
('05', '02', '17', 'LA CAPILLA'),
('05', '02', '18', 'SAN PEDRO DE PILLAO'),
('05', '02', '19', 'PACAIPAMPA'),
('05', '02', '20', 'CAMINACA'),
('05', '02', '21', 'ALTO SAPOSOA'),
('05', '02', '22', 'HEROES ALBARRACIN'),
('05', '03', '01', 'CHURUJA'),
('05', '03', '02', 'CAJACAY'),
('05', '03', '03', 'HUANCARAY'),
('05', '03', '04', 'NICOLAS DE PIEROLA'),
('05', '03', '05', 'LURICOCHA'),
('05', '03', '06', 'JORGE CHAVEZ'),
('05', '03', '07', 'MOLLEPATA'),
('05', '03', '08', 'CHINCHO'),
('05', '03', '10', 'VISTA ALEGRE'),
('05', '03', '11', 'CANCHAYLLO'),
('05', '03', '12', 'MARCABAL'),
('05', '03', '13', 'MOCHUMI'),
('05', '03', '14', 'LACHAQUI'),
('05', '03', '15', 'TROMPETEROS'),
('05', '03', '18', 'VILLA RICA'),
('05', '03', '19', 'SONDORILLO'),
('05', '03', '20', 'CORANI'),
('05', '03', '21', 'CUÑUMBUQUI'),
('05', '04', '01', 'CONILA'),
('05', '04', '02', 'ATAQUERO'),
('05', '04', '03', 'OROPESA'),
('05', '04', '04', 'BELLA UNION'),
('05', '04', '05', 'CHUNGUI'),
('05', '04', '06', 'SAN BENITO'),
('05', '04', '07', 'PISAC'),
('05', '04', '08', 'CAPILLAS'),
('05', '04', '09', 'JIRCAN'),
('05', '04', '10', 'PARACAS'),
('05', '04', '12', 'LA CUESTA'),
('05', '04', '14', 'CHILCA'),
('05', '04', '15', 'MAQUIA'),
('05', '04', '19', 'SALITRAL'),
('05', '04', '21', 'PAJARILLO'),
('05', '04', '22', 'QUILAHUANI'),
('05', '05', '01', 'LIMABAMBA'),
('05', '05', '02', 'YAUTAN'),
('05', '05', '03', 'MARA'),
('05', '05', '04', 'CHILCAYMARCA'),
('05', '05', '06', 'LA RAMADA'),
('05', '05', '07', 'LAYO'),
('05', '05', '09', 'SAN BUENAVENTURA'),
('05', '05', '10', 'TIBILLO'),
('05', '05', '11', 'LA UNION'),
('05', '05', '14', 'CHECRAS'),
('05', '05', '15', 'SARAYACU'),
('05', '05', '19', 'COLAN'),
('05', '05', '21', 'NUEVA CAJAMARCA'),
('05', '06', '02', 'LA PAMPA'),
('05', '06', '03', 'MARISCAL GAMARRA'),
('05', '06', '04', 'IRAY'),
('05', '06', '05', 'CHUMPI'),
('05', '06', '06', 'CHADIN'),
('05', '06', '07', 'PITUMARCA'),
('05', '06', '08', 'LARAMARCA'),
('05', '06', '09', 'MARIANO DAMASO BERAUN'),
('05', '06', '11', 'MOROCOCHA'),
('05', '06', '12', 'HUANCASPATA'),
('05', '06', '14', 'CASTA'),
('05', '06', '19', 'MIGUEL CHECA'),
('05', '06', '20', 'OCUVIRI'),
('05', '07', '01', 'JAMALCA'),
('05', '07', '02', 'MATO'),
('05', '07', '03', 'ANCO HUALLO'),
('05', '07', '04', 'MEJIA'),
('05', '07', '07', 'LIVITACA'),
('05', '07', '08', 'LA MERCED'),
('05', '07', '11', 'PAMPA HERMOSA'),
('05', '07', '12', 'QUIRUVILCA'),
('05', '07', '14', 'AZANGARO'),
('05', '07', '15', 'MORONA'),
('05', '07', '19', 'MANCORA'),
('05', '07', '20', 'MACARI'),
('05', '07', '21', 'HUALLAGA'),
('05', '08', '02', 'HUACHIS'),
('05', '08', '04', 'PAMPAMARCA'),
('05', '08', '06', 'POMAHUACA'),
('05', '08', '07', 'PALLPATA'),
('05', '08', '09', 'YUYAPICHIS'),
('05', '08', '11', 'PICHANAQUI'),
('05', '08', '12', 'MAGDALENA DE CAO'),
('05', '08', '14', 'CHANCAY'),
('05', '08', '19', 'CRISTO NOS VALGA'),
('05', '08', '20', 'PHARA'),
('05', '08', '21', 'UCHIZA'),
('05', '09', '02', 'LLAMA'),
('05', '09', '05', 'CONCEPCION'),
('05', '09', '06', 'NINABAMBA'),
('05', '09', '07', 'OCOBAMBA'),
('05', '09', '11', 'HUAMANCACA CHICO'),
('05', '09', '14', 'SUPE PUERTO'),
('05', '09', '21', 'PUCACACA'),
('05', '10', '02', 'HUANDOVAL'),
('05', '10', '05', 'MARCABAMBA'),
('05', '10', '06', 'NANCHOC'),
('05', '10', '07', 'HUANOQUITE'),
('05', '10', '09', 'SAN MIGUEL DE CAURI'),
('05', '10', '14', 'PACHANGARA'),
('05', '10', '20', 'CUTURAPI'),
('05', '10', '21', 'SANTA ROSA'),
('05', '11', '05', 'PAICO'),
('05', '11', '06', 'LA COIPA'),
('05', '11', '07', 'KOSÑIPATA'),
('05', '11', '09', 'JACAS CHICO'),
('05', '11', '20', 'SINA'),
('05', '12', '02', 'PAMPAS CHICO'),
('05', '12', '06', 'EDUARDO VILLANUEVA'),
('05', '12', '07', 'CCATCA'),
('05', '12', '20', 'CONDURIRI'),
('05', '13', '02', 'NEPEÑA'),
('05', '13', '07', 'MARAS'),
('05', '14', '02', 'QUICHES'),
('05', '15', '02', 'QUILLO'),
('05', '16', '02', 'MIRGAS'),
('05', '19', '02', 'CULEBRAS'),
('05', '20', '02', 'CONGAS'),
('06', '01', '01', 'CHUQUIBAMBA'),
('06', '01', '02', 'JANGAS'),
('06', '01', '03', 'LAMBRAMA'),
('06', '01', '04', 'LA JOYA'),
('06', '01', '05', 'SAN JOSE DE TICLLAS'),
('06', '01', '06', 'JESUS'),
('06', '01', '07', 'SANTIAGO'),
('06', '01', '08', 'HUACHOCOLPA'),
('06', '01', '09', 'SAN FRANCISCO DE CAYRAN'),
('06', '01', '10', 'SALAS'),
('06', '01', '11', 'CHACAPAMPA'),
('06', '01', '12', 'SIMBAL'),
('06', '01', '13', 'MONSEFU'),
('06', '01', '14', 'COMAS'),
('06', '01', '15', 'NAPO'),
('06', '01', '17', 'SAMEGUA'),
('06', '01', '18', 'NINACACA'),
('06', '01', '19', 'LA UNION'),
('06', '01', '20', 'CHUCUITO'),
('06', '01', '21', 'YANTALO'),
('06', '01', '23', 'SAN JUAN DE LA VIRGEN'),
('06', '01', '24', 'VENTANILLA'),
('06', '01', '25', 'NUEVA REQUENA'),
('06', '02', '01', 'IMAZA'),
('06', '02', '02', 'LA MERCED'),
('06', '02', '03', 'CHAPIMARCA'),
('06', '02', '04', 'COPORAQUE'),
('06', '02', '05', 'LOS MOROCHUCOS'),
('06', '02', '07', 'SANGARARA'),
('06', '02', '08', 'PAUCARA'),
('06', '02', '09', 'SAN FRANCISCO'),
('06', '02', '10', 'SAN PEDRO DE HUACARPANA'),
('06', '02', '11', 'CHAMBARA'),
('06', '02', '12', 'UCHUMARCA'),
('06', '02', '13', 'MANUEL ANTONIO MESONES MURO'),
('06', '02', '14', 'GORGOR'),
('06', '02', '15', 'LAGUNAS'),
('06', '02', '17', 'LLOQUE'),
('06', '02', '18', 'SANTA ANA DE TUSI'),
('06', '02', '19', 'SAPILLICA'),
('06', '02', '20', 'CHUPA'),
('06', '02', '21', 'EL ESLABON'),
('06', '02', '22', 'ESTIQUE'),
('06', '03', '01', 'FLORIDA'),
('06', '03', '03', 'KISHUARA'),
('06', '03', '04', 'OCOÑA'),
('06', '03', '06', 'JOSE GALVEZ'),
('06', '03', '07', 'PUCYURA'),
('06', '03', '08', 'HUALLAY-GRANDE'),
('06', '03', '11', 'EL MANTARO'),
('06', '03', '12', 'SANAGORAN'),
('06', '03', '13', 'MORROPE'),
('06', '03', '14', 'SAN BUENAVENTURA'),
('06', '03', '18', 'POZUZO'),
('06', '03', '19', 'EL CARMEN DE LA FRONTERA'),
('06', '03', '20', 'CRUCERO'),
('06', '03', '21', 'PINTO RECODO'),
('06', '04', '01', 'INGUILPATA'),
('06', '04', '02', 'MARCARA'),
('06', '04', '03', 'PACHACONAS'),
('06', '04', '04', 'CAHUACHO'),
('06', '04', '05', 'TAMBO'),
('06', '04', '06', 'CUPISNIQUE'),
('06', '04', '07', 'SAN SALVADOR'),
('06', '04', '08', 'COCAS'),
('06', '04', '09', 'MIRAFLORES'),
('06', '04', '10', 'SAN ANDRES'),
('06', '04', '14', 'IMPERIAL'),
('06', '04', '15', 'PUINAHUA'),
('06', '04', '19', 'SANTA CATALINA DE MOSSA'),
('06', '04', '20', 'PISACOMA'),
('06', '04', '22', 'CAMILACA'),
('06', '05', '01', 'LONGAR'),
('06', '05', '03', 'CHALLHUAHUACHO'),
('06', '05', '04', 'CHOCO'),
('06', '05', '05', 'CHAVIÑA'),
('06', '05', '06', 'PIMPINGOS'),
('06', '05', '07', 'PAMPAMARCA'),
('06', '05', '08', 'COLCABAMBA'),
('06', '05', '11', 'PALCA'),
('06', '05', '12', 'PACASMAYO'),
('06', '05', '14', 'HUALMAY'),
('06', '05', '15', 'INAHUAYA'),
('06', '05', '19', 'TAMARINDO'),
('06', '05', '20', 'PUSI'),
('06', '05', '21', 'ELIAS SOPLIN VARGAS'),
('06', '06', '02', 'YANAC'),
('06', '06', '03', 'MICAELA BASTIDAS'),
('06', '06', '04', 'SALAMANCA'),
('06', '06', '06', 'CHIGUIRIP'),
('06', '06', '07', 'SAN PABLO'),
('06', '06', '08', 'OCOYO'),
('06', '06', '09', 'JOSE CRESPO Y CASTILLO'),
('06', '06', '11', 'PACCHA'),
('06', '06', '12', 'HUAYO'),
('06', '06', '14', 'SAN JOSE DE LOS CHORRILLOS'),
('06', '06', '19', 'QUERECOTILLO'),
('06', '06', '20', 'PALCA'),
('06', '06', '21', 'CHAZUTA'),
('06', '07', '01', 'LONYA GRANDE'),
('06', '07', '02', 'PAMPAROMAS'),
('06', '07', '03', 'HUACCANA'),
('06', '07', '04', 'PUNTA DE BOMBON'),
('06', '07', '05', 'CAYARA'),
('06', '07', '07', 'LLUSCO'),
('06', '07', '08', 'LOCROJA'),
('06', '07', '09', 'UMARI'),
('06', '07', '11', 'PANGOA'),
('06', '07', '12', 'SANTA CRUZ DE CHUCA'),
('06', '07', '14', 'CACRA'),
('06', '07', '15', 'PASTAZA'),
('06', '07', '19', 'LOS ORGANOS'),
('06', '07', '20', 'NUÑOA'),
('06', '07', '21', 'BAJO BIAVO'),
('06', '08', '02', 'HUACCHIS'),
('06', '08', '04', 'PUYCA'),
('06', '08', '06', 'PUCARA'),
('06', '08', '07', 'PICHIGUA'),
('06', '08', '11', 'PERENE'),
('06', '08', '12', 'PAIJAN'),
('06', '08', '14', 'IHUARI'),
('06', '08', '19', 'RINCONADA-LLICUAR'),
('06', '08', '20', 'PATAMBUCO'),
('06', '09', '02', 'LLUMPA'),
('06', '09', '05', 'HUAMBALPA'),
('06', '09', '06', 'PULAN'),
('06', '09', '07', 'SANTA TERESA'),
('06', '09', '11', 'SAN JUAN DE YSCOS'),
('06', '09', '21', 'SAN CRISTOBAL'),
('06', '10', '02', 'LACABAMBA'),
('06', '10', '05', 'OYOLO'),
('06', '10', '06', 'NIEPOS'),
('06', '10', '07', 'OMACHA'),
('06', '10', '09', 'RONDOS'),
('06', '10', '14', 'COCHAMARCA'),
('06', '10', '20', 'OLLARAYA'),
('06', '11', '05', 'SANTIAGO DE PAUCARAY'),
('06', '11', '06', 'SAN JOSE DE LOURDES'),
('06', '11', '07', 'HUANCARANI'),
('06', '11', '09', 'OBAS'),
('06', '12', '02', 'PARARIN'),
('06', '12', '06', 'JOSE SABOGAL'),
('06', '12', '07', 'CUSIPATA'),
('06', '13', '02', 'SAMANCO'),
('06', '13', '07', 'OLLANTAYTAMBO'),
('06', '14', '02', 'SICSIBAMBA'),
('06', '15', '02', 'RANRAHIRCA'),
('06', '16', '02', 'SAN JUAN DE RONTOY'),
('06', '20', '02', 'LLIPA'),
('07', '01', '01', 'GRANADA'),
('07', '01', '02', 'LA LIBERTAD'),
('07', '01', '03', 'PICHIRHUA'),
('07', '01', '04', 'MIRAFLORES'),
('07', '01', '05', 'SAN JUAN BAUTISTA'),
('07', '01', '06', 'LOS BAÑOS DEL INCA'),
('07', '01', '07', 'SAYLLA'),
('07', '01', '09', 'SAN PEDRO DE CHAULAN'),
('07', '01', '10', 'SAN JOSE DE LOS MOLINOS'),
('07', '01', '11', 'CHICCHE'),
('07', '01', '12', 'VICTOR LARCO HERRERA'),
('07', '01', '13', 'NUEVA ARICA'),
('07', '01', '14', 'CHACLACAYO'),
('07', '01', '15', 'PUTUMAYO'),
('07', '01', '18', 'PALLANCHACRA'),
('07', '01', '19', 'LAS LOMAS'),
('07', '01', '20', 'HUATA'),
('07', '01', '22', 'PACHIA'),
('07', '01', '25', 'MANANTAY'),
('07', '02', '03', 'HUAYLLO'),
('07', '02', '04', 'HUAMBO'),
('07', '02', '05', 'PARAS'),
('07', '02', '07', 'MOSOC LLACTA'),
('07', '02', '08', 'POMACOCHA'),
('07', '02', '09', 'SAN RAFAEL'),
('07', '02', '10', 'SUNAMPE'),
('07', '02', '11', 'HEROINAS TOLEDO'),
('07', '02', '14', 'HUANCAPON'),
('07', '02', '17', 'MATALAQUE'),
('07', '02', '18', 'TAPUC'),
('07', '02', '19', 'SICCHEZ'),
('07', '02', '20', 'JOSE DOMINGO CHOQUEHUANCA'),
('07', '02', '22', 'ESTIQUE PAMPA'),
('07', '03', '01', 'RECTA'),
('07', '03', '03', 'PACOBAMBA'),
('07', '03', '04', 'QUILCA'),
('07', '03', '05', 'SANTILLANA'),
('07', '03', '06', 'MIGUEL IGLESIAS'),
('07', '03', '07', 'ZURITE'),
('07', '03', '08', 'HUANCA-HUANCA'),
('07', '03', '09', 'CHUQUIS'),
('07', '03', '11', 'HUAMALI'),
('07', '03', '12', 'SARIN'),
('07', '03', '13', 'MOTUPE'),
('07', '03', '14', 'SANTA ROSA DE QUIVES'),
('07', '03', '18', 'PALCAZU'),
('07', '03', '19', 'SAN MIGUEL DE EL FAIQUE'),
('07', '03', '20', 'ITUATA'),
('07', '03', '21', 'RUMISAPA'),
('07', '04', '01', 'LONGUITA'),
('07', '04', '02', 'PARIAHUANCA'),
('07', '04', '03', 'SABAINO'),
('07', '04', '04', 'CHALA'),
('07', '04', '05', 'LUIS CARRANZA'),
('07', '04', '06', 'TANTARICA'),
('07', '04', '07', 'TARAY'),
('07', '04', '09', 'MONZON'),
('07', '04', '10', 'SAN CLEMENTE'),
('07', '04', '14', 'LUNAHUANA'),
('07', '04', '15', 'SAQUENA'),
('07', '04', '19', 'SANTO DOMINGO'),
('07', '04', '20', 'POMATA'),
('07', '05', '01', 'MILPUCC'),
('07', '05', '04', 'HUANCARQUI'),
('07', '05', '06', 'QUEROCOTILLO'),
('07', '05', '07', 'QUEHUE'),
('07', '05', '11', 'PALCAMAYO'),
('07', '05', '14', 'HUAURA'),
('07', '05', '19', 'VICHAYAL'),
('07', '05', '20', 'ROSASPATA'),
('07', '05', '21', 'SAN FERNANDO'),
('07', '06', '02', 'YUPAN'),
('07', '06', '03', 'PROGRESO'),
('07', '06', '04', 'YANAQUIHUA'),
('07', '06', '06', 'CHIMBAN'),
('07', '06', '07', 'SAN PEDRO'),
('07', '06', '08', 'PILPICHACA'),
('07', '06', '11', 'SANTA BARBARA DE CARHUACAYAN'),
('07', '06', '12', 'ONGON'),
('07', '06', '14', 'CHICLA'),
('07', '06', '19', 'SALITRAL'),
('07', '06', '20', 'PARATIA'),
('07', '06', '21', 'CHIPURANA'),
('07', '07', '01', 'YAMON'),
('07', '07', '02', 'PUEBLO LIBRE'),
('07', '07', '03', 'URANMARCA'),
('07', '07', '05', 'COLCA'),
('07', '07', '07', 'QUIÑOTA'),
('07', '07', '08', 'PAUCARBAMBA'),
('07', '07', '11', 'RIO NEGRO'),
('07', '07', '12', 'SITABAMBA'),
('07', '07', '14', 'CARANIA'),
('07', '07', '20', 'ORURILLO'),
('07', '08', '02', 'HUANTAR'),
('07', '08', '04', 'QUECHUALLA'),
('07', '08', '06', 'SALLIQUE'),
('07', '08', '07', 'SUYCKUTAMBO'),
('07', '08', '12', 'RAZURI'),
('07', '08', '14', 'LAMPIAN'),
('07', '08', '20', 'QUIACA'),
('07', '09', '02', 'MUSGA'),
('07', '09', '05', 'SAURAMA'),
('07', '09', '06', 'SEXI'),
('07', '09', '07', 'VILCABAMBA'),
('07', '09', '11', 'SAN JUAN DE JARPA'),
('07', '09', '21', 'SAN HILARION'),
('07', '10', '02', 'LLAPO'),
('07', '10', '05', 'PARARCA'),
('07', '10', '06', 'SAN GREGORIO'),
('07', '10', '07', 'YAURISQUE'),
('07', '10', '09', 'JIVIA'),
('07', '10', '20', 'TINICACHI'),
('07', '11', '05', 'SAN PEDRO DE LARCAY'),
('07', '11', '06', 'TABACONAS'),
('07', '11', '09', 'PAMPAMARCA'),
('07', '12', '02', 'TAPACOCHA'),
('07', '12', '06', 'CHANCAY'),
('07', '12', '07', 'HUARO'),
('07', '13', '02', 'SANTA'),
('07', '13', '07', 'YUCAY'),
('07', '14', '02', 'ACOBAMBA'),
('07', '15', '02', 'SHUPLUY'),
('07', '20', '02', 'OCROS'),
('08', '01', '01', 'HUANCAS'),
('08', '01', '02', 'OLLEROS'),
('08', '01', '03', 'SAN PEDRO DE CACHORA'),
('08', '01', '04', 'MOLLEBAYA'),
('08', '01', '05', 'SANTIAGO DE PISCHA'),
('08', '01', '06', 'LLACANORA'),
('08', '01', '07', 'WANCHAQ'),
('08', '01', '08', 'HUAYLLAHUARA'),
('08', '01', '09', 'SANTA MARIA DEL VALLE'),
('08', '01', '10', 'SAN JUAN BAUTISTA'),
('08', '01', '11', 'CHILCA'),
('08', '01', '13', 'OYOTUN'),
('08', '01', '14', 'CHORRILLOS'),
('08', '01', '15', 'TORRES CAUSANA'),
('08', '01', '18', 'PAUCARTAMBO'),
('08', '01', '20', 'MAÑAZO'),
('08', '01', '22', 'PALCA'),
('08', '02', '02', 'SUCCHA'),
('08', '02', '03', 'LUCRE'),
('08', '02', '04', 'HUANCA'),
('08', '02', '05', 'TOTOS'),
('08', '02', '08', 'ROSARIO'),
('08', '02', '09', 'TOMAY-KICHWA'),
('08', '02', '10', 'TAMBO DE MORA'),
('08', '02', '11', 'MANZANARES'),
('08', '02', '14', 'MANAS'),
('08', '02', '17', 'PUQUINA'),
('08', '02', '18', 'VILCABAMBA'),
('08', '02', '19', 'SUYO'),
('08', '02', '20', 'MUÑANI'),
('08', '03', '01', 'SAN CARLOS'),
('08', '03', '03', 'PAMPACHIRI'),
('08', '03', '04', 'SAMUEL PASTOR'),
('08', '03', '05', 'SIVIA'),
('08', '03', '06', 'OXAMARCA'),
('08', '03', '07', 'CACHIMAYO'),
('08', '03', '08', 'JULCAMARCA'),
('08', '03', '11', 'HUARIPAMPA'),
('08', '03', '12', 'SARTIMBAMBA'),
('08', '03', '13', 'OLMOS'),
('08', '03', '18', 'CONSTITUCION'),
('08', '03', '19', 'LALAQUIZ'),
('08', '03', '20', 'OLLACHEA'),
('08', '04', '01', 'LONYA CHICO'),
('08', '04', '02', 'SAN MIGUEL DE ACO'),
('08', '04', '04', 'CHAPARRA'),
('08', '04', '05', 'SANTA ROSA'),
('08', '04', '06', 'YONAN'),
('08', '04', '07', 'YANATILE'),
('08', '04', '08', 'CHUPAMARCA'),
('08', '04', '09', 'PUNCHAO'),
('08', '04', '10', 'TUPAC AMARU INCA'),
('08', '04', '12', 'PARANDAY'),
('08', '04', '14', 'MALA'),
('08', '04', '15', 'SOPLIN'),
('08', '04', '19', 'LA MATANZA'),
('08', '05', '01', 'MARISCAL BENAVIDES'),
('08', '05', '04', 'MACHAGUAY'),
('08', '05', '05', 'CHIPAO'),
('08', '05', '06', 'SAN ANDRES DE CUTERVO'),
('08', '05', '07', 'TUPAC AMARU'),
('08', '05', '11', 'SAN PEDRO DE CAJAS'),
('08', '05', '12', 'SAN JOSE'),
('08', '05', '14', 'LEONCIO PRADO'),
('08', '05', '20', 'TARACO'),
('08', '05', '21', 'PARDO MIGUEL'),
('08', '06', '03', 'PATAYPAMPA'),
('08', '06', '04', 'RIO GRANDE'),
('08', '06', '05', 'PACAPAUSA'),
('08', '06', '06', 'HUAMBOS'),
('08', '06', '07', 'TINTA'),
('08', '06', '08', 'QUERCO'),
('08', '06', '11', 'SUITUCANCHA'),
('08', '06', '12', 'PARCOY'),
('08', '06', '14', 'HUANZA'),
('08', '06', '19', 'IGNACIO ESCUDERO'),
('08', '06', '20', 'PUCARA'),
('08', '06', '21', 'EL PORVENIR'),
('08', '07', '02', 'SANTA CRUZ'),
('08', '07', '03', 'RANRACANCHA'),
('08', '07', '05', 'HUALLA'),
('08', '07', '07', 'VELILLE'),
('08', '07', '08', 'SAN MIGUEL DE MAYOCC'),
('08', '07', '11', 'RIO TAMBO'),
('08', '07', '12', 'ANGASMARCA'),
('08', '07', '14', 'COCHAS'),
('08', '07', '20', 'SANTA ROSA'),
('08', '08', '02', 'MASIN'),
('08', '08', '04', 'SAYLA'),
('08', '08', '06', 'SAN FELIPE'),
('08', '08', '07', 'ALTO PICHIGUA'),
('08', '08', '12', 'CASA GRANDE'),
('08', '08', '14', 'PACARAOS'),
('08', '08', '20', 'SAN JUAN DEL ORO'),
('08', '09', '02', 'ELEAZAR GUZMAN BARRON'),
('08', '09', '05', 'INDEPENDENCIA'),
('08', '09', '06', 'UTICYACU'),
('08', '09', '07', 'QUELLOUNO'),
('08', '09', '11', 'TRES DE DICIEMBRE'),
('08', '09', '21', 'TINGO DE PONASA'),
('08', '10', '02', 'PALLASCA'),
('08', '10', '05', 'SAN JAVIER DE ALPABAMBA'),
('08', '10', '06', 'SAN SILVESTRE DE COCHAN'),
('08', '10', '07', 'PACCARITAMBO'),
('08', '11', '05', 'SORAS'),
('08', '11', '09', 'CHORAS'),
('08', '12', '02', 'TICAPAMPA'),
('08', '12', '07', 'LUCRE'),
('08', '13', '02', 'COISHCO'),
('08', '14', '02', 'CASHAPAMPA'),
('08', '15', '02', 'YANAMA'),
('08', '20', '02', 'SAN CRISTOBAL DE RAJAN'),
('09', '01', '01', 'LA JALCA'),
('09', '01', '02', 'PAMPAS GRANDE'),
('09', '01', '03', 'TAMBURCO'),
('09', '01', '04', 'PAUCARPATA'),
('09', '01', '05', 'VINCHOS'),
('09', '01', '06', 'MAGDALENA'),
('09', '01', '08', 'IZCUCHACA'),
('09', '01', '09', 'YARUMAYO'),
('09', '01', '10', 'SANTIAGO'),
('09', '01', '11', 'CHONGOS ALTO'),
('09', '01', '12', 'POROTO'),
('09', '01', '13', 'PICSI'),
('09', '01', '14', 'LA VICTORIA'),
('09', '01', '18', 'SAN FCO DE ASIS DE YARUSYACAN'),
('09', '01', '19', 'TAMBO GRANDE'),
('09', '01', '20', 'PAUCARCOLLA'),
('09', '01', '22', 'POCOLLAY'),
('09', '02', '03', 'POCOHUANCA'),
('09', '02', '04', 'ICHUPAMPA'),
('09', '02', '10', 'ALTO LARAN'),
('09', '02', '11', 'MARISCAL CASTILLA'),
('09', '02', '17', 'QUINISTAQUILLAS'),
('09', '02', '19', 'JILILI'),
('09', '03', '01', 'SHIPASBAMBA'),
('09', '03', '03', 'SAN ANTONIO DE CACHI'),
('09', '03', '05', 'LLOCHEGUA'),
('09', '03', '06', 'SOROCHUCO'),
('09', '03', '07', 'ANCAHUASI'),
('09', '03', '08', 'SAN ANTONIO DE ANTAPARCO'),
('09', '03', '11', 'HUERTAS'),
('09', '03', '13', 'PACORA'),
('09', '03', '20', 'SAN GABAN'),
('09', '04', '01', 'LUYA'),
('09', '04', '02', 'SHILLA'),
('09', '04', '04', 'HUANUHUANU'),
('09', '04', '05', 'SAMUGARI'),
('09', '04', '06', 'SANTA CRUZ DE TOLED'),
('09', '04', '08', 'HUACHOS'),
('09', '04', '09', 'PUÑOS'),
('09', '04', '12', 'SALPO'),
('09', '04', '14', 'NUEVO IMPERIAL'),
('09', '04', '15', 'TAPICHE'),
('09', '04', '19', 'YAMANGO'),
('09', '05', '01', 'OMIA'),
('09', '05', '04', 'ORCOPAMPA'),
('09', '05', '06', 'SAN JUAN DE CUTERVO'),
('09', '05', '08', 'DANIEL HERNANDEZ'),
('09', '05', '11', 'TAPO'),
('09', '05', '14', 'PACCHO'),
('09', '05', '20', 'VILQUE CHICO'),
('09', '05', '21', 'AWAJUN'),
('09', '06', '03', 'SAN ANTONIO'),
('09', '06', '06', 'LAJAS'),
('09', '06', '08', 'QUITO ARMA'),
('09', '06', '11', 'YAULI'),
('09', '06', '12', 'PATAZ'),
('09', '06', '14', 'HUAROCHIRI'),
('09', '06', '20', 'SANTA LUCIA'),
('09', '06', '21', 'HUIMBAYOC'),
('09', '07', '02', 'YURACMARCA'),
('09', '07', '05', 'HUAMANQUIQUIA'),
('09', '07', '08', 'SAN PEDRO DE CORIS'),
('09', '07', '14', 'COLONIA'),
('09', '07', '20', 'UMACHIRI'),
('09', '08', '02', 'PAUCAS'),
('09', '08', '04', 'TAURIA'),
('09', '08', '06', 'SAN JOSE DEL ALTO'),
('09', '08', '14', 'SAN MIGUEL DE ACOS'),
('09', '09', '06', 'YAUYUCAN'),
('09', '09', '07', 'KIMBIRI'),
('09', '09', '11', 'YANACANCHA'),
('09', '09', '21', 'TRES UNIDOS'),
('09', '10', '02', 'PAMPAS'),
('09', '10', '05', 'SAN JOSE DE USHUA'),
('09', '10', '06', 'EL PRADO'),
('09', '10', '07', 'PILLPINTO'),
('09', '11', '05', 'HUACAÑA'),
('09', '12', '02', 'LLACLLIN'),
('09', '12', '07', 'MARCAPATA'),
('09', '13', '02', 'NUEVO CHIMBOTE'),
('09', '14', '02', 'RAGASH'),
('09', '20', '02', 'SAN PEDRO'),
('10', '01', '01', 'LEIMEBAMBA'),
('10', '01', '02', 'PARIACOTO'),
('10', '01', '04', 'POCSI'),
('10', '01', '05', 'TAMBILLO'),
('10', '01', '06', 'MATARA'),
('10', '01', '08', 'LARIA'),
('10', '01', '09', 'AMARILIS'),
('10', '01', '10', 'SUBTANJALLA'),
('10', '01', '12', 'EL PORVENIR'),
('10', '01', '13', 'PIMENTEL'),
('10', '01', '14', 'LA MOLINA'),
('10', '01', '15', 'INDIANA'),
('10', '01', '18', 'SIMON BOLIVAR'),
('10', '01', '20', 'PICHACANI'),
('10', '01', '22', 'SAMA'),
('10', '02', '03', 'SAÑAYCA'),
('10', '02', '04', 'LARI'),
('10', '02', '10', 'PUEBLO NUEVO'),
('10', '02', '11', 'MATAHUASI'),
('10', '02', '15', 'SANTA CRUZ'),
('10', '02', '17', 'UBINAS'),
('10', '02', '19', 'PAIMAS'),
('10', '02', '20', 'POTONI'),
('10', '02', '22', 'SITAJARA'),
('10', '03', '01', 'VALERA'),
('10', '03', '02', 'HUAYLLACAYAN'),
('10', '03', '03', 'SAN JERONIMO'),
('10', '03', '06', 'SUCRE'),
('10', '03', '08', 'SANTO TOMAS DE PATA'),
('10', '03', '11', 'JANJAILLO'),
('10', '03', '13', 'SALAS'),
('10', '03', '20', 'USICAYOS'),
('10', '04', '01', 'LUYA VIEJO'),
('10', '04', '02', 'TINCO'),
('10', '04', '04', 'JAQUI'),
('10', '04', '08', 'HUAMATAMBO'),
('10', '04', '09', 'SINGA'),
('10', '04', '12', 'SINSICAP'),
('10', '04', '14', 'PACARAN'),
('10', '04', '15', 'JENARO HERRERA'),
('10', '04', '19', 'SAN JUAN DE BIGOTE'),
('10', '04', '20', 'ZEPITA'),
('10', '05', '01', 'SANTA ROSA'),
('10', '05', '04', 'PAMPACOLCA'),
('10', '05', '05', 'HUAC-HUAS'),
('10', '05', '06', 'SAN LUIS DE LUCMA'),
('10', '06', '03', 'TURPAY'),
('10', '06', '06', 'LLAMA'),
('10', '06', '08', 'SAN ANTONIO DE CUSICANCHA'),
('10', '06', '11', 'SANTA ROSA DE SACCO'),
('10', '06', '12', 'PIAS'),
('10', '06', '14', 'LAHUAYTAMBO'),
('10', '06', '20', 'VILAVILA'),
('10', '06', '21', 'JUAN GUERRA'),
('10', '07', '02', 'SANTO TORIBIO'),
('10', '07', '05', 'HUANCARAYLLA'),
('10', '07', '08', 'PACHAMARCA'),
('10', '07', '14', 'CHOCOS'),
('10', '08', '02', 'PONTO'),
('10', '08', '04', 'TOMEPAMPA'),
('10', '08', '06', 'SANTA ROSA'),
('10', '08', '14', 'VEINTISIETE DE NOVIEMBRE'),
('10', '08', '20', 'YANAHUAYA'),
('10', '09', '06', 'ANDABAMBA'),
('10', '09', '07', 'PICHARI'),
('10', '09', '21', 'SHAMBOYACU'),
('10', '10', '02', 'SANTA ROSA'),
('10', '10', '05', 'SARA SARA'),
('10', '10', '06', 'UNION AGUA BLANCA'),
('10', '11', '05', 'CHILCAYOC'),
('10', '12', '02', 'CATAC'),
('10', '12', '07', 'OCONGATE'),
('10', '14', '02', 'SAN JUAN'),
('10', '20', '02', 'SANTIAGO DE CHILCAS'),
('11', '01', '01', 'LEVANTO'),
('11', '01', '02', 'PIRA'),
('11', '01', '04', 'POLOBAYA'),
('11', '01', '05', 'ACOCRO'),
('11', '01', '06', 'NAMORA'),
('11', '01', '08', 'MANTA'),
('11', '01', '09', 'PILLCO MARCA'),
('11', '01', '10', 'YAUCA DEL ROSARIO'),
('11', '01', '12', 'LA ESPERANZA'),
('11', '01', '13', 'REQUE'),
('11', '01', '14', 'LINCE'),
('11', '01', '15', 'PUNCHANA'),
('11', '01', '18', 'TICLACAYAN'),
('11', '01', '20', 'SAN ANTONIO'),
('11', '01', '22', 'ALTO DE LA ALIANZA'),
('11', '02', '03', 'SORAYA'),
('11', '02', '04', 'LLUTA'),
('11', '02', '05', 'MARIA PARADO DE BELLIDO'),
('11', '02', '10', 'SAN JUAN DE YANAC'),
('11', '02', '11', 'MITO'),
('11', '02', '15', 'TENIENTE CESAR LOPEZ ROJAS'),
('11', '02', '17', 'YUNGA'),
('11', '02', '22', 'SUSAPAYA'),
('11', '03', '01', 'YAMBRASBAMBA'),
('11', '03', '02', 'HUASTA'),
('11', '03', '03', 'TALAVERA'),
('11', '03', '06', 'UTCO'),
('11', '03', '08', 'SECCLLA'),
('11', '03', '11', 'JULCAN'),
('11', '03', '13', 'SAN JOSE'),
('11', '03', '21', 'SHANAO'),
('11', '04', '01', 'MARIA'),
('11', '04', '02', 'YUNGAR'),
('11', '04', '04', 'LOMAS'),
('11', '04', '09', 'TANTAMAYO'),
('11', '04', '12', 'USQUIL'),
('11', '04', '14', 'QUILMANA'),
('11', '04', '15', 'YAQUERANA'),
('11', '05', '01', 'TOTORA'),
('11', '05', '04', 'TIPAN'),
('11', '05', '05', 'LARAMATE'),
('11', '05', '06', 'SANTA CRUZ'),
('11', '05', '08', 'HUACHOCOLPA'),
('11', '05', '14', 'SANTA LEONOR'),
('11', '05', '20', 'HUATASANI'),
('11', '06', '03', 'VILCABAMBA'),
('11', '06', '05', 'PULLO'),
('11', '06', '06', 'MIRACOSTA'),
('11', '06', '08', 'SAN FRANCISCO DE SANGAYAICO'),
('11', '06', '12', 'TAURIJA'),
('11', '06', '14', 'LANGA'),
('11', '06', '21', 'MORALES'),
('11', '07', '08', 'COSME'),
('11', '07', '14', 'HUAMPARA'),
('11', '08', '02', 'RAHUAPAMPA'),
('11', '08', '04', 'TORO'),
('11', '08', '06', 'LAS PIRIAS'),
('11', '08', '14', 'SANTA CRUZ DE ANDAMARCA'),
('11', '08', '20', 'ALTO INAMBARI'),
('11', '09', '06', 'SAUCEPAMPA'),
('11', '10', '02', 'TAUCA'),
('11', '10', '06', 'TONGOD'),
('11', '11', '05', 'MORCOLLA'),
('11', '12', '07', 'OROPESA'),
('12', '01', '01', 'MAGDALENA'),
('12', '01', '02', 'TARICA'),
('12', '01', '04', 'QUEQUEÑA'),
('12', '01', '05', 'SOCOS'),
('12', '01', '06', 'SAN JUAN'),
('12', '01', '08', 'MARISCAL CACERES'),
('12', '01', '09', 'YACUS'),
('12', '01', '10', 'TATE'),
('12', '01', '11', 'CHUPURO'),
('12', '01', '12', 'FLORENCIA DE MORA'),
('12', '01', '13', 'JOSE LEONARDO ORTIZ'),
('12', '01', '14', 'LURIGANCHO'),
('12', '01', '15', 'BELEN'),
('12', '01', '18', 'TINYAHUARCO'),
('12', '01', '20', 'TIQUILLACA'),
('12', '01', '22', 'CIUDAD NUEVA'),
('12', '02', '03', 'TAPAIRIHUA'),
('12', '02', '04', 'MACA'),
('12', '02', '11', 'NUEVE DE JULIO'),
('12', '02', '20', 'SAMAN'),
('12', '02', '22', 'TARUCACHI'),
('12', '03', '01', 'JAZAN'),
('12', '03', '03', 'TURPO'),
('12', '03', '06', 'LA LIBERTAD DE PALLAN'),
('12', '03', '08', 'CCOCHACCASA'),
('12', '03', '09', 'MARIAS'),
('12', '03', '11', 'LEONOR ORDOÑEZ'),
('12', '03', '13', 'TUCUME'),
('12', '04', '01', 'OCALLI'),
('12', '04', '04', 'QUICACHA'),
('12', '04', '14', 'SAN ANTONIO'),
('12', '04', '20', 'KELLUYO'),
('12', '05', '01', 'VISTA ALEGRE'),
('12', '05', '04', 'URACA'),
('12', '05', '05', 'LEONCIO PRADO'),
('12', '05', '06', 'SANTO DOMINGO DE LA CAPILLA'),
('12', '05', '08', 'HUARIBAMBA'),
('12', '05', '14', 'SANTA MARIA'),
('12', '06', '03', 'VIRUNDO'),
('12', '06', '05', 'PUYUSCA'),
('12', '06', '06', 'PACCHA'),
('12', '06', '08', 'SAN ISIDRO'),
('12', '06', '12', 'URPAY'),
('12', '06', '14', 'MARIATANA'),
('12', '06', '21', 'PAPAPLAYA'),
('12', '07', '14', 'HUANCAYA'),
('12', '08', '02', 'RAPAYAN'),
('12', '08', '06', 'HUABAL'),
('12', '08', '14', 'SUMBILCA'),
('12', '08', '20', 'SAN PEDRO DE PUTINA PUNCO'),
('12', '10', '06', 'CATILLUC'),
('12', '12', '07', 'QUIQUIJANA'),
('13', '01', '01', 'MARISCAL CASTILLA'),
('13', '01', '04', 'SABANDIA'),
('13', '01', '05', 'OCROS'),
('13', '01', '08', 'MOYA'),
('13', '01', '10', 'PACHACUTEC'),
('13', '01', '11', 'EL TAMBO'),
('13', '01', '13', 'SANTA ROSA'),
('13', '01', '14', 'LURIN'),
('13', '01', '15', 'SAN JUAN BAUTISTA'),
('13', '01', '18', 'VICCO'),
('13', '01', '19', 'CURA MORI'),
('13', '01', '20', 'VILQUE'),
('13', '01', '22', 'CORONEL GREGORIO ALBARRACIN L.'),
('13', '02', '03', 'TINTAY'),
('13', '02', '04', 'MADRIGAL'),
('13', '02', '11', 'ORCOTUNA'),
('13', '02', '20', 'SAN ANTON'),
('13', '02', '22', 'TICACO'),
('13', '03', '02', 'MANGAS'),
('13', '03', '03', 'PACUCHA'),
('13', '03', '11', 'LLOCLLAPAMPA'),
('13', '03', '21', 'TABALOSOS'),
('13', '04', '01', 'OCUMAL'),
('13', '04', '04', 'YAUCA'),
('13', '04', '12', 'MACHE'),
('13', '04', '14', 'SAN LUIS'),
('13', '05', '04', 'UÑON'),
('13', '05', '05', 'LUCANAS'),
('13', '05', '06', 'SANTO TOMAS'),
('13', '05', '14', 'SAYAN'),
('13', '06', '03', 'SANTA ROSA'),
('13', '06', '06', 'PION'),
('13', '06', '08', 'SANTIAGO DE CHOCORVOS'),
('13', '06', '12', 'SANTIAGO DE CHALLAS'),
('13', '06', '14', 'RICARDO PALMA'),
('13', '07', '05', 'SARHUA'),
('13', '07', '14', 'HUANGASCAR'),
('13', '08', '02', 'SAN MARCOS'),
('13', '10', '06', 'BOLIVAR'),
('14', '01', '01', 'MOLINOPAMPA'),
('14', '01', '04', 'SACHACA'),
('14', '01', '05', 'PACAYCASA'),
('14', '01', '08', 'NUEVO OCCORO'),
('14', '01', '10', 'OCUCAJE'),
('14', '01', '11', 'HUACRAPUQUIO'),
('14', '01', '13', 'SAÑA'),
('14', '01', '14', 'MAGDALENA DEL MAR'),
('14', '01', '15', 'TENIENTE MANUEL CLAVERO'),
('14', '01', '18', 'YANACANCHA'),
('14', '01', '19', 'EL TALLAN'),
('14', '01', '20', 'PLATERIA'),
('14', '02', '03', 'TORAYA'),
('14', '02', '04', 'SAN ANTONIO DE CHUCA'),
('14', '02', '11', 'SANTA ROSA DE OCOPA'),
('14', '02', '20', 'SAN JOSE'),
('14', '03', '03', 'POMACOCHA'),
('14', '03', '09', 'PACHAS'),
('14', '03', '11', 'MARCO'),
('14', '03', '21', 'ZAPATERO'),
('14', '04', '01', 'PISUQUIA'),
('14', '04', '08', 'MOLLEPAMPA'),
('14', '04', '14', 'SANTA CRUZ DE FLORES'),
('14', '05', '04', 'VIRACO'),
('14', '05', '05', 'LLAUTA'),
('14', '05', '06', 'SOCOTA'),
('14', '06', '03', 'CURASCO'),
('14', '06', '06', 'QUEROCOTO'),
('14', '06', '08', 'SANTIAGO DE QUIRAHUARA'),
('14', '06', '14', 'SAN ANDRES DE TUPICOCHA'),
('14', '07', '05', 'VILCANCHOS'),
('14', '07', '14', 'HUANTAN'),
('14', '08', '02', 'SAN PEDRO DE CHANA'),
('15', '01', '01', 'MONTEVIDEO'),
('15', '01', '04', 'SAN JUAN DE SIGUAS'),
('15', '01', '05', 'JESUS NAZARENO'),
('15', '01', '08', 'PALCA'),
('15', '01', '13', 'LA VICTORIA'),
('15', '01', '14', 'MIRAFLORES'),
('15', '01', '19', 'VEINTISEIS DE OCTUBRE'),
('15', '01', '20', 'AMANTANI'),
('15', '02', '03', 'YANACA'),
('15', '02', '04', 'SIBAYO'),
('15', '02', '11', 'SAN JOSE DE QUERO'),
('15', '02', '20', 'SAN JUAN DE SALINAS'),
('15', '03', '02', 'PACLLON'),
('15', '03', '03', 'SANTA MARIA DE CHICMO'),
('15', '03', '11', 'MASMA'),
('15', '03', '21', 'ALONSO DE ALVARADO'),
('15', '04', '01', 'SAN CRISTOBAL'),
('15', '04', '14', 'ZUÑIGA'),
('15', '05', '06', 'TORIBIO CASANOVA'),
('15', '05', '08', 'ÑAHUIMPUQUIO'),
('15', '06', '05', 'SAN FRANCISCO DE RAVACAYCO'),
('15', '06', '06', 'TACABAMBA'),
('15', '06', '08', 'SANTO DOMINGO DE CAPILLAS'),
('15', '06', '14', 'SAN ANTONIO'),
('15', '07', '05', 'ASQUIPATA'),
('15', '07', '14', 'HUAÑEC'),
('15', '08', '02', 'UCO'),
('16', '01', '01', 'OLLEROS'),
('16', '01', '04', 'SAN JUAN DE TARUCANI'),
('16', '01', '08', 'PILCHACA'),
('16', '01', '11', 'HUALHUAS'),
('16', '01', '13', 'CAYALTI'),
('16', '01', '14', 'PACHACAMAC'),
('16', '02', '03', 'SAN JUAN DE CHACÑA'),
('16', '02', '04', 'TAPAY'),
('16', '02', '20', 'SANTIAGO DE PUPUJA'),
('16', '03', '03', 'TUMAY HUARACA'),
('16', '03', '09', 'QUIVILLA'),
('16', '03', '11', 'MOLINOS'),
('16', '03', '21', 'SAN ROQUE DE CUMBAZA'),
('16', '04', '01', 'SAN FRANCISCO DE YESO'),
('16', '04', '14', 'ASIA'),
('16', '05', '05', 'OCAÑA'),
('16', '05', '14', 'VEGUETA'),
('16', '06', '05', 'UPAHUACHO'),
('16', '06', '06', 'TOCMOCHE'),
('16', '06', '08', 'TAMBO'),
('16', '06', '14', 'SAN BARTOLOME'),
('16', '06', '21', 'SAN ANTONIO'),
('16', '07', '14', 'LARAOS'),
('16', '08', '02', 'ANRA'),
('17', '01', '01', 'QUINJALCA'),
('17', '01', '04', 'SANTA ISABEL DE SIGUAS'),
('17', '01', '08', 'VILCA'),
('17', '01', '13', 'PATAPO'),
('17', '01', '14', 'PUEBLO LIBRE'),
('17', '02', '03', 'JUSTO APU SAHUARAURA'),
('17', '02', '04', 'TISCO'),
('17', '02', '20', 'TIRAPATA'),
('17', '03', '02', 'SAN MIGUEL DE CORPANQUI'),
('17', '03', '03', 'HUAYANA'),
('17', '03', '09', 'RIPAN'),
('17', '03', '11', 'MONOBAMBA'),
('17', '04', '01', 'SAN JERONIMO'),
('17', '05', '05', 'OTOCA'),
('17', '05', '08', 'PAZOS'),
('17', '06', '06', 'SAN JUAN DE LICUPIS'),
('17', '06', '14', 'SAN DAMIAN'),
('17', '07', '14', 'LINCHA'),
('18', '01', '01', 'SAN FRANCISCO DE DAGUAS'),
('18', '01', '04', 'SANTA RITA DE SIHUAS'),
('18', '01', '08', 'YAULI'),
('18', '01', '11', 'HUANCAN'),
('18', '01', '13', 'POMALCA'),
('18', '01', '14', 'PUCUSANA'),
('18', '02', '04', 'TUTI'),
('18', '03', '03', 'SAN MIGUEL DE CHACCRAMPA'),
('18', '03', '11', 'MUQUI'),
('18', '04', '01', 'SAN JUAN DE LOPECANCHA'),
('18', '05', '08', 'QUISHUAR'),
('18', '06', '06', 'CHOROPAMPA'),
('18', '06', '14', 'SANGALLAYA'),
('18', '07', '14', 'MIRAFLORES'),
('19', '01', '01', 'SAN ISIDRO DE MAINO'),
('19', '01', '04', 'SOCABAYA'),
('19', '01', '08', 'ASCENSION'),
('19', '01', '11', 'HUASICANCHA'),
('19', '01', '13', 'PUCALA'),
('19', '01', '14', 'PUENTE PIEDRA'),
('19', '02', '04', 'YANQUE'),
('19', '03', '03', 'KAQUIABAMBA'),
('19', '03', '11', 'MUQUIYAUYO'),
('19', '04', '01', 'SANTA CATALINA'),
('19', '05', '08', 'SALCABAMBA'),
('19', '06', '06', 'CHALAMARCA'),
('19', '06', '14', 'SAN JUAN DE TANTARANCHE'),
('19', '06', '21', 'SAUCE'),
('19', '07', '14', 'OMAS'),
('20', '01', '01', 'SOLOCO'),
('20', '01', '04', 'TIABAYA'),
('20', '01', '08', 'HUANDO'),
('20', '01', '11', 'HUAYUCACHI'),
('20', '01', '13', 'TUMAN'),
('20', '01', '14', 'PUNTA HERMOSA'),
('20', '02', '04', 'MAJES'),
('20', '03', '02', 'TICLLOS'),
('20', '03', '11', 'PACA'),
('20', '04', '01', 'SANTO TOMAS'),
('20', '05', '05', 'SANCOS'),
('20', '05', '08', 'SAN MARCOS DE ROCCHAC'),
('20', '06', '14', 'SAN LORENZO DE QUINTI'),
('20', '06', '21', 'SHAPAJA'),
('20', '07', '14', 'QUINCHES'),
('21', '01', '01', 'SONCHE'),
('21', '01', '04', 'UCHUMAYO'),
('21', '01', '11', 'INGENIO'),
('21', '01', '14', 'PUNTA NEGRA'),
('21', '03', '02', 'ANTONIO RAIMONDI'),
('21', '03', '09', 'SHUNQUI'),
('21', '03', '11', 'PACCHA'),
('21', '04', '01', 'TINGO'),
('21', '05', '05', 'SAN JUAN'),
('21', '06', '14', 'SAN MATEO'),
('21', '06', '21', 'LA BANDA DE SHILCAYO'),
('21', '07', '14', 'QUINOCAY'),
('22', '01', '04', 'VITOR'),
('22', '01', '11', 'PARIAHUANCA'),
('22', '01', '14', 'RIMAC'),
('22', '03', '02', 'CANIS'),
('22', '03', '09', 'SILLAPATA'),
('22', '03', '11', 'PANCAN'),
('22', '04', '01', 'TRITA'),
('22', '04', '08', 'SAN JUAN'),
('22', '05', '05', 'SAN PEDRO'),
('22', '06', '14', 'SAN MATEO DE OTAO'),
('22', '07', '14', 'SAN JOAQUIN'),
('23', '01', '04', 'YANAHUARA'),
('23', '01', '11', 'PILCOMAYO'),
('23', '01', '14', 'SAN BARTOLO'),
('23', '03', '02', 'COLQUIOC'),
('23', '03', '09', 'YANAS'),
('23', '03', '11', 'PARCO'),
('23', '04', '01', 'PROVIDENCIA'),
('23', '05', '08', 'SURCUBAMBA'),
('23', '06', '14', 'SAN PEDRO DE HUANCAYRE'),
('23', '07', '14', 'SAN PEDRO DE PILAS'),
('24', '01', '04', 'YARABAMBA'),
('24', '01', '11', 'PUCARA'),
('24', '01', '14', 'SAN ISIDRO'),
('24', '03', '02', 'LA PRIMAVERA'),
('24', '03', '11', 'POMACANCHA'),
('24', '05', '05', 'SANTA ANA DE HUAYCAHUACHO'),
('24', '06', '14', 'SANTA CRUZ DE COCACHACRA'),
('24', '07', '14', 'TANTA'),
('25', '01', '04', 'YURA'),
('25', '01', '11', 'QUICHUAY'),
('25', '01', '14', 'BARRANCO'),
('25', '03', '02', 'HUALLANCA'),
('25', '03', '11', 'RICRAN'),
('25', '05', '05', 'SANTA LUCIA'),
('25', '05', '08', 'TINTAY PUNCU'),
('25', '06', '14', 'SANTA EULALIA'),
('25', '07', '14', 'TAURIPAMPA'),
('26', '01', '04', 'MARIANO MELGAR'),
('26', '01', '11', 'QUILCAS'),
('26', '01', '14', 'SAN MARTIN DE PORRES'),
('26', '03', '11', 'SAN LORENZO'),
('26', '05', '08', 'SALCAHUASI'),
('26', '06', '14', 'SANTIAGO DE ANCHUCAYA'),
('26', '07', '14', 'TUPE'),
('27', '01', '04', 'JACOBO HUNTER'),
('27', '01', '11', 'SAN AGUSTIN'),
('27', '01', '14', 'SAN MIGUEL'),
('27', '03', '11', 'SAN PEDRO DE CHUNAN'),
('27', '04', '08', 'TANTARA'),
('27', '06', '14', 'SANTIAGO DE TUNA'),
('27', '07', '14', 'TOMAS'),
('28', '01', '04', 'ALTO SELVA ALEGRE'),
('28', '01', '11', 'SAN JERONIMO DE TUNAN'),
('28', '01', '14', 'SANTA MARIA DEL MAR'),
('28', '03', '11', 'SINCOS'),
('28', '04', '08', 'TICRAPO'),
('28', '06', '14', 'SANTO DOMINGO DE LOS OLLEROS'),
('28', '07', '14', 'VIÑAC'),
('29', '01', '04', 'JOSE LUIS BUSTAMANTE Y RIVERO'),
('29', '01', '14', 'SANTA ROSA'),
('29', '03', '11', 'TUNAN MARCA'),
('29', '04', '08', 'SANTA ANA'),
('29', '05', '05', 'SAISA'),
('29', '06', '14', 'SURCO'),
('29', '07', '14', 'VITIS'),
('30', '01', '14', 'SANTIAGO DE SURCO'),
('30', '03', '11', 'YAULI'),
('30', '06', '14', 'HUACHUPAMPA'),
('30', '07', '14', 'HONGOS'),
('31', '01', '11', 'SANTO DOMINGO DE ACOBAMBA'),
('31', '01', '14', 'SURQUILLO'),
('31', '03', '11', 'CURICACA'),
('31', '05', '05', 'SAN PEDRO DE PALCO'),
('31', '06', '14', 'LARAOS'),
('31', '07', '14', 'MADEAN'),
('32', '01', '11', 'SAÑO'),
('32', '01', '14', 'VILLA MARIA DEL TRIUNFO'),
('32', '03', '11', 'MASMA CHICCHE'),
('32', '05', '05', 'SAN CRISTOBAL'),
('32', '06', '14', 'SAN JUAN DE IRIS'),
('32', '07', '14', 'PUTINZA'),
('33', '01', '11', 'SAPALLANGA'),
('33', '01', '14', 'JESUS MARIA'),
('33', '03', '11', 'SAUSA'),
('33', '07', '14', 'CATAHUASI'),
('34', '01', '11', 'SICAYA'),
('34', '01', '14', 'INDEPENDENCIA'),
('34', '03', '11', 'YAUYOS'),
('35', '01', '14', 'EL AGUSTINO'),
('36', '01', '11', 'VIQUES'),
('36', '01', '14', 'SAN JUAN DE MIRAFLORES'),
('37', '01', '14', 'SAN JUAN DE LURIGANCHO'),
('38', '01', '14', 'SAN LUIS'),
('39', '01', '14', 'CIENEGUILLA'),
('40', '01', '14', 'SAN BORJA'),
('41', '01', '14', 'VILLA EL SALVADOR'),
('42', '01', '14', 'LOS OLIVOS'),
('43', '01', '14', 'SANTA ANITA');